Epoch,G01,G02,G03,G04,G05,G06,G07,G08,G09,G10,G11,G12,G13,G14,G15,G16,G17,G18,G19,G20,G22,G23,G24,G25,G26,G27,G28,G29,G30,G31,G32,C11,C12,C14,C19,C20,C21,C22,C23,C24,C26,C27,C28,C29,C30,C06,C07,C08,C09,C10,C13,C16
1,NaN,NaN,NaN,NaN,NaN,NaN,NaN,NaN,NaN,NaN,NaN,NaN,NaN,NaN,NaN,NaN,NaN,NaN,NaN,NaN,NaN,NaN,NaN,NaN,NaN,NaN,NaN,NaN,NaN,NaN,NaN,NaN,NaN,NaN,NaN,NaN,NaN,NaN,NaN,NaN,NaN,NaN,NaN,NaN,NaN,NaN,NaN,NaN,NaN,NaN,NaN,NaN
301,NaN,21.0469940579105,13.5326005110763,13.9505201419942,NaN,NaN,NaN,16.1393781493817,16.3949238145093,NaN,NaN,NaN,NaN,NaN,NaN,18.7457156783668,NaN,NaN,NaN,NaN,NaN,NaN,NaN,NaN,NaN,16.4684288619368,NaN,NaN,NaN,25.0767147252234,NaN,54.7084296208635,NaN,NaN,NaN,NaN,NaN,NaN,NaN,NaN,NaN,NaN,NaN,NaN,NaN,NaN,NaN,NaN,NaN,NaN,NaN,78.3705915793981
601,NaN,22.450817673589,14.9757501802703,15.3375590579519,NaN,NaN,NaN,17.464999952428,17.5708384632198,NaN,NaN,NaN,NaN,NaN,NaN,20.3151279307769,NaN,NaN,NaN,NaN,NaN,NaN,NaN,NaN,NaN,17.6545327949552,NaN,NaN,NaN,26.8616754917649,NaN,55.9225450258254,NaN,NaN,NaN,NaN,NaN,NaN,NaN,NaN,NaN,NaN,NaN,NaN,NaN,NaN,NaN,NaN,NaN,NaN,NaN,80.0866919994281
901,NaN,23.9301117861965,16.5142118161466,16.9126813978975,NaN,NaN,NaN,18.7675929890185,18.6984781838075,NaN,NaN,NaN,NaN,NaN,NaN,21.9054243818668,NaN,NaN,NaN,NaN,NaN,NaN,NaN,NaN,NaN,19.0108556224363,NaN,NaN,NaN,28.6923639068259,NaN,57.2092335304877,NaN,NaN,NaN,NaN,NaN,NaN,NaN,NaN,NaN,NaN,NaN,NaN,NaN,NaN,NaN,NaN,NaN,NaN,NaN,81.8496494619723
1201,NaN,25.3345130088839,18.027142380962,18.3647400154894,NaN,NaN,18.8682816027294,20.2410192945568,20.024556420368,NaN,NaN,NaN,NaN,NaN,NaN,23.3679603741967,NaN,NaN,NaN,NaN,NaN,NaN,NaN,NaN,NaN,20.3866090056953,NaN,NaN,NaN,30.6806005091511,NaN,58.3498723948709,NaN,NaN,NaN,NaN,NaN,NaN,NaN,NaN,NaN,NaN,NaN,NaN,NaN,NaN,NaN,NaN,NaN,NaN,NaN,83.7929378696545
1501,NaN,27.0319882541177,NaN,19.726608741924,NaN,NaN,20.2353065379861,21.5804254657467,21.3293105164173,NaN,NaN,NaN,NaN,NaN,NaN,25.0893792235326,NaN,NaN,NaN,NaN,NaN,NaN,NaN,NaN,NaN,21.751156197213,NaN,NaN,NaN,NaN,NaN,59.447692039121,NaN,NaN,NaN,NaN,NaN,NaN,NaN,NaN,NaN,NaN,NaN,NaN,NaN,NaN,NaN,NaN,NaN,NaN,NaN,85.6747945284356
1801,NaN,28.5216802837119,NaN,21.1474409641805,NaN,NaN,21.6727643036485,22.9436389982874,22.492180709699,NaN,NaN,NaN,NaN,NaN,NaN,26.4256267756199,NaN,NaN,NaN,NaN,NaN,NaN,NaN,NaN,NaN,23.1642067896025,NaN,NaN,NaN,NaN,NaN,60.6191481542845,NaN,NaN,NaN,NaN,NaN,NaN,NaN,NaN,NaN,NaN,NaN,NaN,NaN,NaN,NaN,NaN,NaN,NaN,NaN,87.3508960773565
2101,28.1229062608106,30.1763937674683,NaN,22.7605010166565,NaN,NaN,23.5365642398235,24.2808581289692,23.7869789209485,NaN,NaN,NaN,NaN,NaN,NaN,28.2947511463767,NaN,NaN,NaN,NaN,NaN,NaN,NaN,NaN,NaN,24.343390727126,NaN,NaN,NaN,NaN,NaN,61.4824762501689,NaN,NaN,NaN,NaN,NaN,NaN,NaN,NaN,NaN,NaN,NaN,NaN,NaN,NaN,NaN,NaN,NaN,NaN,NaN,89.4012141659094
2401,29.7180573477613,31.5851615711257,NaN,24.3660071858199,NaN,NaN,24.7920821711686,25.7396068922315,25.1712656373343,NaN,NaN,NaN,NaN,NaN,NaN,30.1531857150286,NaN,NaN,NaN,NaN,NaN,NaN,NaN,NaN,NaN,25.6018094755956,NaN,NaN,NaN,NaN,NaN,62.3324997877758,NaN,NaN,NaN,NaN,NaN,NaN,NaN,NaN,NaN,NaN,NaN,NaN,NaN,NaN,NaN,NaN,NaN,NaN,NaN,91.2673511718022
2701,31.699179345693,33.1514774805336,NaN,25.7959176366485,NaN,NaN,25.9015189349627,27.197185943808,26.6368429981088,NaN,NaN,NaN,NaN,NaN,NaN,NaN,NaN,NaN,NaN,NaN,NaN,NaN,NaN,NaN,NaN,26.9325153382353,NaN,NaN,NaN,NaN,NaN,NaN,NaN,NaN,NaN,NaN,NaN,NaN,NaN,NaN,NaN,NaN,NaN,NaN,NaN,NaN,NaN,NaN,NaN,NaN,NaN,93.1016409780573
3001,33.474821417806,34.8185250363482,NaN,27.2646293007388,NaN,NaN,26.976177289958,28.5138243027481,27.9691174972454,NaN,NaN,NaN,NaN,NaN,NaN,NaN,NaN,NaN,NaN,NaN,NaN,NaN,NaN,NaN,NaN,28.2768098084263,NaN,NaN,NaN,NaN,NaN,NaN,NaN,NaN,NaN,NaN,NaN,NaN,NaN,NaN,NaN,NaN,NaN,NaN,NaN,NaN,NaN,NaN,NaN,NaN,NaN,94.8193090531228
3301,35.1699096019729,36.5463095739653,NaN,28.7106107378649,NaN,NaN,28.0562104735642,29.7658237367975,29.3948380460626,NaN,NaN,NaN,NaN,NaN,NaN,NaN,NaN,NaN,NaN,NaN,NaN,NaN,NaN,NaN,NaN,29.6631697180819,NaN,NaN,NaN,NaN,NaN,NaN,NaN,NaN,NaN,NaN,NaN,NaN,NaN,NaN,NaN,NaN,NaN,NaN,NaN,NaN,NaN,NaN,NaN,NaN,NaN,96.6890283805542
3601,35.6267941825973,38.2320452544633,NaN,30.7927933617198,NaN,NaN,28.5819295829606,31.1282090955855,30.5212240325263,NaN,NaN,NaN,NaN,NaN,NaN,NaN,NaN,NaN,NaN,NaN,NaN,NaN,NaN,NaN,NaN,32.1027512503962,NaN,NaN,NaN,NaN,NaN,NaN,NaN,NaN,NaN,NaN,NaN,NaN,NaN,NaN,NaN,NaN,NaN,NaN,NaN,NaN,NaN,NaN,NaN,NaN,NaN,98.4747075475763
3901,37.035823906633,39.6282783564372,NaN,32.1288802734463,NaN,NaN,29.8283628826573,32.3942403756365,31.8334350626535,NaN,NaN,NaN,NaN,NaN,NaN,NaN,NaN,NaN,NaN,NaN,NaN,NaN,NaN,NaN,NaN,33.5554499278398,NaN,NaN,NaN,NaN,NaN,NaN,NaN,NaN,NaN,NaN,NaN,NaN,NaN,NaN,NaN,NaN,NaN,NaN,NaN,NaN,NaN,NaN,NaN,NaN,NaN,100.106198182033
4201,39.2495210564094,40.7055446954326,NaN,33.4121942336649,NaN,NaN,31.3678315697847,33.6728256475148,32.7813214841445,NaN,NaN,NaN,NaN,NaN,NaN,NaN,NaN,NaN,NaN,NaN,NaN,NaN,NaN,NaN,NaN,34.8213199412944,NaN,NaN,NaN,NaN,NaN,NaN,NaN,NaN,NaN,NaN,NaN,NaN,NaN,NaN,NaN,NaN,NaN,NaN,NaN,NaN,NaN,NaN,NaN,NaN,NaN,101.859247301311
4501,41.271676342819,41.9089213218402,NaN,34.7357522664816,NaN,NaN,32.4686662142069,34.7574756183529,33.9533174654149,NaN,NaN,NaN,NaN,NaN,NaN,NaN,NaN,NaN,NaN,NaN,NaN,NaN,NaN,NaN,NaN,36.1066211374927,NaN,NaN,NaN,NaN,NaN,NaN,NaN,NaN,NaN,NaN,NaN,NaN,NaN,NaN,NaN,NaN,NaN,NaN,NaN,NaN,NaN,NaN,NaN,NaN,NaN,103.715662025283
4801,42.7382432578812,43.2349421589524,NaN,36.0879129648153,NaN,NaN,33.7092669241455,35.8333776537614,35.3537669054987,NaN,NaN,NaN,NaN,NaN,NaN,NaN,NaN,NaN,NaN,NaN,NaN,NaN,NaN,NaN,NaN,37.5117133069426,NaN,NaN,NaN,NaN,NaN,NaN,NaN,NaN,NaN,NaN,NaN,NaN,NaN,NaN,NaN,NaN,NaN,NaN,NaN,NaN,NaN,NaN,NaN,NaN,NaN,105.461334024363
5101,44.0453601967469,44.4400695871826,NaN,37.6702967012929,NaN,NaN,35.0279161700316,37.1361003830151,36.685546107884,NaN,NaN,NaN,NaN,NaN,NaN,NaN,NaN,NaN,NaN,NaN,NaN,NaN,NaN,NaN,NaN,38.9451560444142,NaN,NaN,NaN,NaN,NaN,NaN,NaN,NaN,NaN,NaN,NaN,NaN,NaN,NaN,NaN,NaN,NaN,NaN,NaN,NaN,NaN,NaN,NaN,NaN,NaN,107.110601478624
5401,45.1871269299172,46.0157721934642,NaN,39.0635576042474,NaN,NaN,36.1287748982721,38.1236185826382,37.9923014474606,NaN,NaN,NaN,NaN,NaN,NaN,NaN,NaN,NaN,NaN,NaN,NaN,NaN,NaN,NaN,NaN,40.3396329689435,NaN,NaN,NaN,NaN,NaN,NaN,NaN,NaN,NaN,NaN,NaN,NaN,NaN,NaN,NaN,NaN,NaN,NaN,NaN,NaN,NaN,NaN,NaN,NaN,NaN,108.875597163118
5701,46.4850961470065,47.4702613854643,NaN,40.6160450858092,NaN,NaN,37.4557424363068,38.9655288339805,39.3878170762627,NaN,NaN,NaN,NaN,NaN,NaN,NaN,NaN,NaN,NaN,NaN,NaN,NaN,NaN,NaN,NaN,41.7790368209965,NaN,NaN,NaN,NaN,NaN,NaN,NaN,NaN,NaN,NaN,NaN,NaN,NaN,NaN,NaN,NaN,NaN,NaN,NaN,NaN,NaN,NaN,NaN,NaN,NaN,110.606294378837
6001,48.14981519925,48.4973533016528,NaN,42.2140662442734,NaN,NaN,38.4291479675364,40.200685091381,40.6535502335587,NaN,NaN,NaN,NaN,NaN,NaN,NaN,36.7505687077884,NaN,NaN,NaN,NaN,NaN,NaN,NaN,NaN,43.3055154430499,NaN,NaN,NaN,NaN,NaN,NaN,NaN,NaN,NaN,NaN,NaN,NaN,NaN,NaN,NaN,NaN,NaN,NaN,NaN,NaN,NaN,NaN,NaN,NaN,NaN,112.22524336919
6301,49.7925353333477,49.5312413669328,NaN,43.7388684697151,NaN,NaN,40.0083139445423,41.5278650937345,41.6075450280787,NaN,NaN,NaN,NaN,NaN,NaN,NaN,38.692233298286,NaN,NaN,NaN,NaN,NaN,NaN,NaN,NaN,44.7108691140595,NaN,NaN,NaN,NaN,NaN,NaN,NaN,NaN,NaN,NaN,NaN,NaN,NaN,NaN,NaN,NaN,NaN,NaN,NaN,NaN,NaN,NaN,NaN,NaN,NaN,113.783098949197
6601,51.4589945532479,50.6832231180183,NaN,45.3674262921506,NaN,NaN,41.8053252789667,42.7927642861267,NaN,NaN,NaN,NaN,NaN,NaN,NaN,NaN,NaN,NaN,NaN,NaN,NaN,NaN,NaN,NaN,NaN,NaN,NaN,NaN,NaN,NaN,NaN,NaN,NaN,NaN,NaN,NaN,NaN,NaN,NaN,NaN,NaN,NaN,NaN,NaN,NaN,NaN,NaN,NaN,NaN,NaN,NaN,115.532205985703
6901,52.7602276479838,51.9163884737739,NaN,46.9622319577933,NaN,NaN,43.1672682270001,44.1182210205486,43.8420200701134,NaN,NaN,NaN,NaN,NaN,NaN,NaN,41.7195770283628,NaN,NaN,NaN,NaN,NaN,NaN,NaN,NaN,NaN,NaN,NaN,37.6254072104675,NaN,NaN,NaN,NaN,NaN,NaN,NaN,NaN,NaN,NaN,NaN,NaN,NaN,NaN,NaN,NaN,NaN,NaN,NaN,NaN,NaN,NaN,117.188210138738
7201,53.915652981706,53.0713420916018,NaN,48.4751317596482,NaN,NaN,44.4321930794649,45.1993293146052,45.2639840064207,NaN,NaN,NaN,NaN,NaN,NaN,NaN,43.251007476384,NaN,NaN,NaN,NaN,NaN,NaN,NaN,NaN,NaN,NaN,NaN,39.281082207318,NaN,NaN,NaN,NaN,NaN,NaN,NaN,NaN,NaN,NaN,NaN,NaN,NaN,NaN,NaN,NaN,NaN,NaN,NaN,NaN,NaN,NaN,118.51146193747
7501,55.3825340291708,54.2090122841368,NaN,50.0337387391013,NaN,NaN,46.1425488763189,46.3244908761805,46.9454815229306,NaN,NaN,NaN,NaN,NaN,NaN,NaN,44.8179630810652,NaN,NaN,NaN,NaN,NaN,NaN,NaN,NaN,NaN,NaN,NaN,39.9764729971609,NaN,NaN,NaN,NaN,NaN,NaN,NaN,NaN,NaN,NaN,NaN,NaN,NaN,NaN,NaN,NaN,NaN,NaN,NaN,NaN,NaN,NaN,120.056782871071
7801,56.7662885162528,55.3429161654619,NaN,51.3192152585041,NaN,NaN,47.4591687078364,47.4273840294722,48.6263620272145,NaN,NaN,NaN,NaN,NaN,NaN,NaN,46.795813079294,NaN,NaN,NaN,NaN,NaN,NaN,NaN,NaN,NaN,NaN,NaN,41.6748281764729,NaN,NaN,NaN,NaN,NaN,NaN,NaN,NaN,NaN,NaN,NaN,NaN,NaN,NaN,NaN,NaN,NaN,NaN,NaN,NaN,NaN,NaN,121.730165453333
8101,58.0669347147864,56.6484595975794,NaN,52.5181464463051,NaN,NaN,48.7623500969486,48.4417168462444,50.3018297384961,NaN,NaN,NaN,NaN,NaN,NaN,NaN,48.8013176569652,NaN,NaN,NaN,NaN,NaN,NaN,NaN,NaN,NaN,NaN,NaN,43.3629439607152,NaN,NaN,NaN,NaN,NaN,NaN,NaN,NaN,NaN,NaN,NaN,NaN,NaN,NaN,NaN,NaN,NaN,NaN,NaN,NaN,NaN,NaN,123.313758046077
8401,59.58205635797,57.9718359914446,NaN,53.555055587035,NaN,NaN,50.0181756124262,49.7232414351322,51.6250097079991,NaN,NaN,NaN,NaN,NaN,NaN,NaN,50.3222093136884,NaN,NaN,NaN,NaN,NaN,NaN,NaN,NaN,NaN,NaN,NaN,44.6102565088432,NaN,NaN,NaN,NaN,NaN,NaN,NaN,NaN,NaN,NaN,NaN,NaN,NaN,NaN,NaN,NaN,NaN,NaN,NaN,NaN,NaN,NaN,124.968455387166
8701,61.200237403532,59.1429178487637,NaN,54.4603620033337,NaN,NaN,51.4916180401045,50.9900354491932,53.1438065312314,NaN,NaN,NaN,NaN,NaN,NaN,NaN,51.4919185189267,NaN,NaN,NaN,NaN,NaN,NaN,NaN,NaN,NaN,NaN,NaN,45.7398631990926,NaN,NaN,NaN,NaN,NaN,NaN,NaN,NaN,NaN,NaN,NaN,NaN,NaN,NaN,NaN,NaN,NaN,NaN,NaN,NaN,NaN,NaN,126.584936821395
9001,62.8251943976471,60.4247542784282,NaN,55.0868285949382,NaN,NaN,53.1655746235354,52.2345388565687,54.7007102352628,NaN,NaN,NaN,NaN,NaN,NaN,NaN,52.8685107892598,NaN,NaN,NaN,NaN,NaN,NaN,NaN,NaN,NaN,NaN,NaN,47.2068013203219,NaN,NaN,NaN,NaN,NaN,NaN,NaN,NaN,NaN,NaN,NaN,NaN,NaN,NaN,NaN,NaN,NaN,NaN,NaN,NaN,NaN,NaN,128.34155753766
9301,64.3184558242058,61.8638998369075,NaN,55.6155477853646,NaN,NaN,55.0721967175371,53.5202790318922,56.0532511333526,NaN,NaN,NaN,NaN,44.4408304051397,NaN,NaN,54.5763031088823,NaN,NaN,NaN,NaN,NaN,NaN,NaN,NaN,NaN,NaN,NaN,48.8273861943145,NaN,NaN,NaN,NaN,NaN,NaN,NaN,NaN,NaN,NaN,NaN,NaN,NaN,NaN,NaN,NaN,NaN,NaN,NaN,NaN,NaN,NaN,129.934627805208
9601,65.6519745825239,63.4320114344959,NaN,55.9510004872055,NaN,NaN,57.4581937009039,54.9241748616864,57.184243858241,NaN,NaN,NaN,NaN,46.1262721119993,NaN,NaN,56.2552503199053,NaN,NaN,NaN,NaN,NaN,NaN,NaN,NaN,NaN,NaN,NaN,50.4796004072014,NaN,NaN,NaN,NaN,NaN,NaN,NaN,NaN,NaN,NaN,NaN,NaN,NaN,NaN,NaN,NaN,NaN,NaN,NaN,NaN,NaN,NaN,131.585002995481
9901,67.1605315309908,65.0731222307624,NaN,55.7180507936176,NaN,NaN,59.4011129185231,56.2437573452037,57.7410718857484,NaN,NaN,NaN,NaN,47.7841319752115,NaN,NaN,57.9112827109387,NaN,NaN,NaN,NaN,NaN,NaN,NaN,NaN,NaN,NaN,NaN,52.0620017309114,NaN,NaN,NaN,NaN,NaN,NaN,NaN,NaN,NaN,NaN,NaN,NaN,NaN,NaN,NaN,NaN,NaN,NaN,NaN,NaN,NaN,NaN,133.540826652938
10201,68.8285535657093,66.6689412634608,NaN,55.8184364488625,NaN,NaN,61.5928531591935,57.6468833126815,58.4647330362402,NaN,NaN,NaN,NaN,48.938441578381,NaN,NaN,58.9036862954624,NaN,NaN,NaN,NaN,NaN,NaN,NaN,NaN,NaN,NaN,NaN,54.0061815413095,NaN,NaN,NaN,NaN,NaN,NaN,NaN,NaN,NaN,NaN,NaN,NaN,NaN,NaN,NaN,NaN,NaN,NaN,NaN,NaN,NaN,NaN,135.400522695975
10501,70.6499014494954,68.1452594125471,NaN,55.8406376660482,NaN,NaN,63.7131635126709,59.0561274248981,58.9807881694762,NaN,NaN,NaN,NaN,49.9007355065901,NaN,NaN,60.2204296854827,NaN,NaN,NaN,NaN,NaN,NaN,NaN,NaN,NaN,NaN,NaN,56.0017808176044,NaN,NaN,NaN,NaN,NaN,NaN,NaN,NaN,NaN,NaN,NaN,NaN,NaN,NaN,NaN,NaN,NaN,NaN,NaN,NaN,NaN,NaN,136.934591627421
10801,72.2489633454616,69.5988658895103,NaN,NaN,NaN,NaN,65.8235477670532,60.6499813245057,59.3339448165594,NaN,NaN,NaN,NaN,51.2873570016136,NaN,NaN,61.6230604579394,NaN,NaN,NaN,NaN,NaN,NaN,NaN,NaN,NaN,NaN,NaN,58.3681991831764,NaN,NaN,NaN,NaN,NaN,NaN,NaN,NaN,NaN,NaN,NaN,NaN,NaN,NaN,NaN,NaN,NaN,NaN,NaN,NaN,NaN,NaN,138.374155818885
11101,73.8083151946681,70.9073868775976,NaN,NaN,NaN,NaN,67.924317094547,62.2766844754129,59.5091872234354,NaN,NaN,NaN,NaN,53.0442817325406,NaN,NaN,63.0120979411671,NaN,56.8761202194724,NaN,NaN,NaN,NaN,NaN,NaN,NaN,NaN,NaN,60.6497267827443,NaN,NaN,NaN,NaN,NaN,NaN,NaN,NaN,NaN,NaN,NaN,NaN,NaN,NaN,NaN,NaN,NaN,NaN,NaN,NaN,NaN,NaN,139.597375128222
11401,75.1328718890398,72.3350411724293,NaN,NaN,NaN,NaN,69.6805625190752,63.472553761906,59.6415621127781,NaN,NaN,NaN,NaN,54.6424373180116,NaN,NaN,64.4348064931008,NaN,58.507611484348,NaN,NaN,NaN,NaN,NaN,NaN,NaN,NaN,NaN,62.7917263923577,NaN,NaN,NaN,NaN,NaN,NaN,NaN,NaN,NaN,NaN,NaN,NaN,NaN,NaN,NaN,NaN,NaN,NaN,NaN,NaN,NaN,NaN,140.483726949363
11701,76.3497093600284,73.7528515642216,NaN,NaN,NaN,NaN,71.1390964760719,64.2592377190629,59.7576225534815,NaN,NaN,NaN,NaN,56.469197131036,NaN,NaN,65.7871988895073,NaN,59.2609890010864,NaN,NaN,NaN,NaN,NaN,NaN,NaN,NaN,NaN,64.886361211151,NaN,NaN,NaN,NaN,NaN,NaN,NaN,NaN,NaN,NaN,NaN,NaN,NaN,NaN,NaN,NaN,NaN,NaN,NaN,NaN,NaN,NaN,141.324852851459
12001,77.5133763191686,75.0560568609048,NaN,NaN,NaN,NaN,72.4453737884344,NaN,59.7951568734917,NaN,NaN,NaN,NaN,58.6133423003622,NaN,NaN,67.0582299665769,NaN,60.4402244465912,NaN,NaN,NaN,NaN,NaN,NaN,NaN,NaN,NaN,66.8910336573494,NaN,NaN,NaN,NaN,NaN,NaN,NaN,NaN,NaN,NaN,NaN,NaN,NaN,NaN,NaN,NaN,NaN,NaN,NaN,NaN,NaN,NaN,141.836823173424
12301,78.5555505422572,76.3490153961313,NaN,NaN,NaN,NaN,73.2986271484597,NaN,59.804458456932,NaN,NaN,NaN,NaN,60.8821100895456,NaN,NaN,68.44260762368,NaN,61.8716494654886,NaN,NaN,NaN,NaN,NaN,NaN,NaN,NaN,NaN,68.8069532218393,NaN,NaN,NaN,NaN,NaN,NaN,NaN,NaN,NaN,NaN,NaN,NaN,NaN,NaN,NaN,NaN,NaN,NaN,NaN,NaN,NaN,NaN,141.949285934337
12601,79.721483447273,77.7267058614232,NaN,NaN,NaN,NaN,73.9888969013415,NaN,59.9199846620525,NaN,NaN,NaN,NaN,63.1396011108055,NaN,NaN,69.7837552545143,NaN,63.2920913095178,NaN,NaN,NaN,NaN,NaN,NaN,NaN,NaN,NaN,70.4341368285956,NaN,NaN,NaN,NaN,NaN,NaN,NaN,NaN,NaN,NaN,NaN,NaN,NaN,NaN,NaN,NaN,NaN,NaN,NaN,NaN,NaN,NaN,141.966246548395
12901,80.7476836961176,79.1636575208651,NaN,NaN,NaN,NaN,74.3937841309337,NaN,60.363879757069,NaN,NaN,NaN,NaN,65.3547510120591,NaN,NaN,70.7250261921072,NaN,64.6469057273989,NaN,NaN,NaN,NaN,NaN,NaN,NaN,NaN,NaN,71.8497453792197,NaN,NaN,NaN,NaN,NaN,NaN,NaN,NaN,NaN,NaN,NaN,NaN,NaN,NaN,NaN,NaN,NaN,NaN,NaN,NaN,NaN,NaN,141.905587239704
13201,81.9130048818489,80.4277010345173,70.9575959115265,NaN,NaN,NaN,74.5605025913043,NaN,60.6835570340932,NaN,NaN,NaN,NaN,67.6579755620321,NaN,NaN,71.9902930911678,NaN,65.6094408259517,NaN,60.5128661489115,NaN,NaN,NaN,NaN,NaN,NaN,NaN,73.0415040953067,NaN,NaN,NaN,NaN,NaN,NaN,NaN,NaN,NaN,NaN,NaN,NaN,NaN,NaN,NaN,NaN,NaN,NaN,NaN,NaN,NaN,NaN,141.719264208627
13501,83.0823958468076,81.6189631759414,71.8344578958497,NaN,NaN,NaN,74.6394590198555,NaN,60.6838126810275,NaN,NaN,NaN,NaN,69.9425925776908,NaN,NaN,73.0662005946407,NaN,66.703068999301,NaN,62.3838112449755,NaN,NaN,NaN,NaN,NaN,NaN,NaN,73.9870483219299,NaN,NaN,NaN,NaN,NaN,NaN,NaN,NaN,NaN,NaN,NaN,NaN,NaN,NaN,NaN,NaN,NaN,NaN,NaN,NaN,NaN,NaN,141.298555994692
13801,83.9606643291639,82.8757465562856,72.3784478196929,NaN,NaN,NaN,74.8289463829696,NaN,61.3238955279086,NaN,NaN,NaN,NaN,71.8829989005034,NaN,NaN,74.2580983218091,NaN,67.8710559772422,NaN,64.5258525020492,NaN,NaN,NaN,NaN,NaN,NaN,NaN,74.7365963051856,NaN,NaN,NaN,NaN,NaN,NaN,NaN,NaN,NaN,NaN,NaN,NaN,NaN,NaN,NaN,NaN,NaN,NaN,NaN,NaN,NaN,NaN,140.937015834797
14101,84.8365092726648,84.1335224198536,72.8757980793438,NaN,NaN,NaN,74.8621461672623,NaN,NaN,NaN,NaN,NaN,NaN,73.6108200797809,NaN,NaN,75.2157500861483,NaN,68.7898009571399,NaN,66.7938161727849,NaN,NaN,NaN,NaN,NaN,NaN,NaN,75.1897926930473,NaN,NaN,NaN,NaN,NaN,NaN,NaN,NaN,NaN,NaN,NaN,NaN,NaN,NaN,NaN,NaN,NaN,NaN,NaN,NaN,NaN,NaN,140.585239892772
14401,85.6976717063277,84.9298770297404,73.3027585037855,NaN,NaN,NaN,74.6663428853787,NaN,NaN,NaN,NaN,NaN,NaN,75.415904705998,NaN,NaN,76.1717279183439,NaN,69.8174968759473,NaN,68.882697324734,NaN,NaN,NaN,NaN,NaN,NaN,NaN,75.5698470127912,NaN,NaN,NaN,NaN,NaN,NaN,NaN,NaN,NaN,NaN,NaN,NaN,NaN,NaN,NaN,NaN,NaN,NaN,NaN,NaN,NaN,NaN,140.015723363169
14701,86.6481462033703,81.7143726631129,73.7634435391383,NaN,NaN,NaN,74.3809450018511,NaN,NaN,NaN,NaN,NaN,NaN,77.2366489148946,NaN,NaN,77.1584034256754,NaN,70.9758870249943,NaN,71.0043797168589,NaN,NaN,NaN,NaN,NaN,NaN,NaN,75.7766259380894,NaN,NaN,NaN,NaN,NaN,NaN,NaN,NaN,NaN,NaN,NaN,NaN,NaN,NaN,NaN,NaN,NaN,NaN,NaN,NaN,NaN,NaN,139.387914880126
15001,87.8247645664937,78.0910583151058,74.2930486225674,NaN,NaN,60.7789596250967,74.0145845968204,NaN,NaN,NaN,NaN,NaN,NaN,78.7553767108481,NaN,NaN,78.2800682594175,NaN,72.1047279635912,NaN,73.1516063699975,NaN,NaN,NaN,NaN,NaN,NaN,NaN,75.7360369238751,NaN,NaN,NaN,NaN,NaN,NaN,NaN,NaN,NaN,NaN,NaN,NaN,NaN,NaN,NaN,NaN,NaN,NaN,NaN,NaN,NaN,NaN,138.73232631986
15301,89.0363373538343,74.5918026121821,74.923827166477,NaN,NaN,61.1293305452277,73.3853487531221,NaN,NaN,NaN,NaN,NaN,NaN,80.2867443381144,NaN,NaN,79.562979848149,NaN,73.228721961159,NaN,75.3903131838351,NaN,NaN,NaN,NaN,NaN,NaN,NaN,75.6399648594433,NaN,NaN,NaN,NaN,NaN,NaN,NaN,NaN,NaN,NaN,NaN,NaN,NaN,NaN,NaN,NaN,NaN,NaN,NaN,NaN,NaN,NaN,137.78537638722
15601,90.3053003433842,71.2536178468379,75.5381053240742,NaN,NaN,62.3602386978049,72.5647505542027,NaN,NaN,NaN,NaN,NaN,NaN,82.1135844536719,NaN,NaN,80.6676238049345,NaN,74.37918887861,NaN,77.5209526214413,NaN,NaN,NaN,NaN,NaN,NaN,NaN,75.4792410586683,NaN,NaN,NaN,NaN,NaN,NaN,NaN,NaN,NaN,NaN,NaN,NaN,NaN,NaN,NaN,NaN,NaN,NaN,NaN,NaN,NaN,NaN,136.689573239546
15901,91.6825592319652,NaN,76.2655395053205,NaN,NaN,62.95279673534,71.8802839011244,NaN,NaN,NaN,NaN,NaN,NaN,83.7362229875321,NaN,NaN,81.8573227793289,NaN,75.5126660232829,NaN,79.4543295589838,NaN,NaN,NaN,NaN,NaN,NaN,NaN,75.2183890745408,NaN,NaN,NaN,NaN,NaN,NaN,NaN,NaN,NaN,NaN,NaN,NaN,NaN,NaN,NaN,NaN,NaN,NaN,NaN,NaN,NaN,NaN,135.548146012167
16201,93.3508060837535,NaN,77.0788265593926,NaN,NaN,63.6435667898208,71.2030187473971,NaN,NaN,NaN,NaN,NaN,NaN,85.1138049647601,NaN,NaN,83.1035197591374,NaN,76.598976445781,NaN,81.5573156367806,NaN,NaN,NaN,NaN,NaN,NaN,NaN,74.9610003980724,NaN,NaN,NaN,NaN,NaN,NaN,NaN,NaN,NaN,NaN,NaN,NaN,NaN,NaN,NaN,NaN,NaN,NaN,NaN,NaN,NaN,NaN,134.439788767465
16501,94.9957518844744,NaN,78.1532472451594,NaN,NaN,64.3461579441453,70.807994380694,NaN,NaN,NaN,NaN,NaN,NaN,85.8952451539185,NaN,NaN,NaN,NaN,77.6303175018856,NaN,83.5909781612343,NaN,NaN,NaN,NaN,NaN,NaN,NaN,74.6752452888804,NaN,NaN,NaN,NaN,NaN,NaN,NaN,NaN,NaN,NaN,NaN,NaN,NaN,NaN,NaN,NaN,NaN,NaN,NaN,NaN,NaN,NaN,133.58141233113
16801,96.6841806937967,NaN,79.3067057475,NaN,NaN,65.3149221409904,70.2005465341032,NaN,NaN,NaN,NaN,NaN,NaN,86.5517809483088,NaN,NaN,84.4607079259088,NaN,78.5384099910333,NaN,85.3133134140161,NaN,NaN,NaN,NaN,NaN,NaN,NaN,74.471883648076,NaN,NaN,NaN,NaN,NaN,NaN,NaN,NaN,NaN,NaN,NaN,NaN,NaN,NaN,NaN,NaN,NaN,NaN,NaN,NaN,NaN,NaN,132.724908724963
17101,98.4587304869526,NaN,80.6199064098372,NaN,NaN,65.946129126922,69.9358685851319,NaN,NaN,NaN,NaN,NaN,NaN,87.0754044372162,NaN,NaN,NaN,NaN,79.5921362055857,NaN,86.6827050367006,NaN,NaN,NaN,NaN,NaN,NaN,NaN,74.2647641158929,NaN,NaN,NaN,NaN,NaN,NaN,NaN,NaN,NaN,NaN,NaN,NaN,NaN,NaN,NaN,NaN,NaN,NaN,NaN,NaN,NaN,NaN,131.76310474061
17401,100.078118085824,NaN,82.0963243153061,NaN,NaN,67.0600090262793,69.6610867386855,NaN,NaN,NaN,NaN,NaN,NaN,87.5838866550287,NaN,NaN,86.7074308831138,NaN,80.6828580422888,NaN,87.9765183338067,NaN,NaN,NaN,NaN,NaN,NaN,NaN,74.0876383546252,NaN,NaN,NaN,NaN,NaN,NaN,NaN,NaN,NaN,NaN,NaN,NaN,NaN,NaN,NaN,NaN,NaN,NaN,NaN,NaN,NaN,NaN,130.965673274791
17701,96.4560169160991,NaN,83.5448502068864,NaN,NaN,68.0243852565609,69.3865847491396,NaN,NaN,NaN,NaN,NaN,NaN,87.8500236359028,NaN,NaN,87.6881164927448,NaN,81.9364215201015,NaN,89.3571621027193,NaN,NaN,NaN,NaN,NaN,NaN,NaN,74.0826239859036,NaN,NaN,NaN,NaN,NaN,NaN,NaN,NaN,NaN,NaN,NaN,NaN,NaN,NaN,NaN,NaN,NaN,NaN,NaN,NaN,NaN,NaN,130.197394784132
18001,92.2869114204762,NaN,85.0183555207739,NaN,NaN,68.9850334874693,69.3569912769513,NaN,NaN,NaN,NaN,NaN,NaN,87.8487749198139,NaN,NaN,88.6781229666345,NaN,83.1871820150589,NaN,90.1684014343698,NaN,NaN,NaN,NaN,NaN,NaN,NaN,73.9021192490798,NaN,NaN,NaN,NaN,NaN,NaN,NaN,NaN,NaN,NaN,NaN,NaN,NaN,NaN,NaN,NaN,NaN,NaN,NaN,NaN,NaN,NaN,129.50249813153
18301,88.1686491387295,NaN,86.5796217157422,NaN,NaN,70.1288207778684,69.434292370928,NaN,NaN,NaN,NaN,NaN,NaN,88.1829908371913,NaN,NaN,89.7390786096983,NaN,84.3704317649499,NaN,90.5172231927675,NaN,NaN,NaN,NaN,NaN,NaN,NaN,73.6742316430926,NaN,NaN,NaN,NaN,NaN,NaN,NaN,NaN,NaN,NaN,NaN,NaN,NaN,NaN,NaN,NaN,NaN,NaN,NaN,NaN,NaN,NaN,128.898491923587
18601,84.1346830360949,NaN,88.0327271475592,NaN,NaN,71.1602326495528,69.5101723047903,NaN,NaN,NaN,NaN,NaN,NaN,88.2802326467759,NaN,NaN,90.9204380761933,NaN,85.6377608859787,NaN,90.9178626446569,NaN,NaN,NaN,NaN,NaN,NaN,NaN,73.6049529889822,NaN,NaN,NaN,NaN,NaN,NaN,NaN,NaN,NaN,NaN,NaN,NaN,NaN,NaN,NaN,NaN,NaN,NaN,NaN,NaN,NaN,NaN,128.238041596521
18901,80.2202202027033,NaN,89.6371800265279,NaN,NaN,72.1170950354017,69.6667295123942,NaN,NaN,NaN,NaN,NaN,NaN,88.3655257068272,NaN,NaN,91.9910955045952,NaN,86.8516606658182,NaN,91.4325668362252,NaN,NaN,NaN,NaN,NaN,NaN,NaN,73.5249471936479,NaN,NaN,NaN,NaN,NaN,NaN,NaN,NaN,NaN,NaN,NaN,NaN,NaN,NaN,NaN,NaN,NaN,NaN,NaN,NaN,NaN,NaN,127.533734359156
19201,76.4623050342391,NaN,91.37130539995,NaN,NaN,73.1101141288999,69.9486513176303,NaN,NaN,NaN,64.1362275279213,NaN,NaN,88.3369564651796,NaN,NaN,92.8402847694075,NaN,88.1052379700112,NaN,91.6249323683375,NaN,NaN,NaN,NaN,NaN,NaN,NaN,73.1809696654408,NaN,NaN,NaN,NaN,NaN,NaN,NaN,NaN,NaN,NaN,NaN,NaN,NaN,NaN,NaN,NaN,NaN,NaN,NaN,NaN,NaN,NaN,126.843288375289
19501,72.8997847751074,NaN,92.9376339864679,NaN,NaN,73.9970304376932,70.2900611718974,NaN,NaN,NaN,64.789697405185,NaN,NaN,88.3390400022304,NaN,NaN,93.8806239071226,NaN,89.5900188539842,NaN,91.737679641961,NaN,NaN,NaN,NaN,NaN,NaN,NaN,72.9411910907209,NaN,NaN,NaN,NaN,NaN,NaN,NaN,NaN,NaN,NaN,NaN,NaN,NaN,NaN,NaN,NaN,NaN,NaN,NaN,NaN,NaN,NaN,126.105144683329
19801,NaN,NaN,94.5552625541621,NaN,NaN,74.9381722970547,70.7954061384477,NaN,NaN,NaN,65.3600476913479,NaN,NaN,88.4039888437991,NaN,NaN,94.9498800099087,NaN,91.0901774289512,NaN,91.999848330561,NaN,NaN,NaN,NaN,NaN,NaN,NaN,72.8390899626622,NaN,NaN,NaN,NaN,NaN,NaN,NaN,NaN,NaN,NaN,NaN,NaN,NaN,NaN,NaN,NaN,NaN,NaN,NaN,NaN,NaN,NaN,125.320827402095
20101,NaN,NaN,96.1783660316978,NaN,NaN,75.9104751388782,70.9426007563437,NaN,NaN,NaN,66.1673871695722,NaN,NaN,88.3469648910431,NaN,NaN,96.2780353495165,NaN,92.3584857533393,NaN,92.2999214413386,NaN,NaN,NaN,NaN,NaN,NaN,NaN,72.7119432554639,NaN,NaN,NaN,NaN,NaN,NaN,NaN,NaN,NaN,NaN,NaN,NaN,NaN,NaN,NaN,NaN,NaN,NaN,NaN,NaN,NaN,NaN,124.494359117389
20401,NaN,NaN,97.8949829899984,NaN,NaN,76.9013161778903,71.609067658659,NaN,NaN,NaN,66.5811013461945,NaN,NaN,88.2889796493681,NaN,NaN,97.5444587433019,NaN,93.4158484003819,NaN,92.4506676744068,NaN,NaN,NaN,NaN,NaN,NaN,NaN,72.6484384196954,NaN,NaN,NaN,NaN,NaN,NaN,NaN,NaN,NaN,NaN,NaN,NaN,NaN,NaN,NaN,NaN,NaN,NaN,NaN,NaN,NaN,NaN,123.868738492825
20701,NaN,NaN,99.7981438902412,NaN,NaN,77.7215157657867,71.9590716703022,NaN,NaN,NaN,67.3051600914326,NaN,NaN,88.2356323885528,NaN,NaN,98.6375264799521,NaN,94.7341727904942,NaN,92.3906439504346,NaN,NaN,NaN,NaN,NaN,NaN,NaN,72.5213859422444,NaN,NaN,NaN,NaN,NaN,NaN,NaN,NaN,NaN,NaN,NaN,NaN,NaN,NaN,NaN,NaN,NaN,NaN,NaN,NaN,NaN,135.329894263753,123.099382409092
21001,NaN,NaN,101.417926973424,NaN,NaN,78.7390632305523,68.4508759892179,NaN,NaN,NaN,68.2483016025678,NaN,NaN,88.3105715833512,NaN,NaN,99.6004490372932,NaN,95.7849113956187,NaN,92.6662638180678,NaN,NaN,NaN,NaN,NaN,NaN,NaN,72.2357402537679,NaN,NaN,NaN,NaN,NaN,NaN,NaN,NaN,NaN,NaN,NaN,NaN,NaN,NaN,NaN,NaN,NaN,NaN,NaN,NaN,NaN,137.062782930559,NaN
21301,NaN,NaN,103.10271813632,NaN,NaN,79.7112111556872,65.1916797987514,NaN,NaN,NaN,68.9755127026681,NaN,NaN,88.2981310714774,NaN,NaN,100.485224126595,NaN,96.9430459714329,NaN,92.759739028113,NaN,NaN,NaN,NaN,NaN,NaN,NaN,72.2270099905628,NaN,NaN,NaN,NaN,NaN,NaN,NaN,NaN,NaN,NaN,NaN,NaN,NaN,NaN,NaN,NaN,NaN,NaN,NaN,NaN,NaN,138.779482547612,NaN
21601,NaN,NaN,104.007328537126,NaN,NaN,NaN,NaN,NaN,NaN,NaN,69.6302766549311,NaN,NaN,88.2448277731961,NaN,NaN,101.408947928308,NaN,98.2327689913374,NaN,93.0228071871486,NaN,NaN,NaN,NaN,NaN,NaN,NaN,72.2348799477368,NaN,NaN,NaN,NaN,NaN,NaN,NaN,NaN,NaN,NaN,NaN,NaN,NaN,NaN,NaN,NaN,NaN,NaN,NaN,NaN,NaN,140.493368119975,NaN
21901,NaN,NaN,105.750821736158,NaN,NaN,81.7377617066568,NaN,NaN,NaN,NaN,70.6552058828675,NaN,NaN,88.2675780875562,NaN,NaN,102.411532454406,NaN,99.2229640832225,NaN,92.7776592188482,NaN,NaN,NaN,NaN,NaN,NaN,NaN,72.1668831002831,NaN,NaN,NaN,NaN,NaN,NaN,NaN,NaN,NaN,NaN,NaN,NaN,NaN,NaN,NaN,NaN,NaN,NaN,NaN,NaN,NaN,142.179261244813,NaN
22201,NaN,NaN,107.286162591479,NaN,NaN,82.6572410611283,NaN,NaN,NaN,NaN,71.5682206183487,NaN,NaN,88.2887048658369,NaN,NaN,103.172622525863,NaN,99.8994581058605,NaN,92.6183222366463,NaN,NaN,NaN,NaN,NaN,NaN,NaN,72.1482199682302,NaN,NaN,NaN,NaN,NaN,NaN,NaN,NaN,NaN,NaN,NaN,NaN,NaN,NaN,NaN,NaN,NaN,NaN,NaN,NaN,NaN,143.827318275473,NaN
22501,NaN,NaN,104.757453857568,NaN,NaN,83.6419768267439,NaN,NaN,NaN,NaN,72.4674610810766,NaN,NaN,88.3095347234632,NaN,NaN,103.893431845719,NaN,100.59557065796,NaN,92.5087603420468,NaN,NaN,NaN,NaN,NaN,NaN,NaN,72.1561434029194,NaN,NaN,NaN,NaN,NaN,NaN,NaN,NaN,NaN,NaN,NaN,NaN,NaN,NaN,NaN,NaN,NaN,NaN,NaN,NaN,NaN,145.609914381551,NaN
22801,NaN,NaN,101.686853433072,NaN,NaN,NaN,NaN,NaN,NaN,NaN,73.4824942757731,NaN,NaN,88.2236747516931,NaN,NaN,104.585880970171,NaN,101.33804507403,NaN,92.2728023741284,NaN,NaN,NaN,NaN,NaN,NaN,NaN,72.292376602843,NaN,NaN,NaN,NaN,NaN,NaN,NaN,NaN,NaN,NaN,NaN,NaN,NaN,NaN,NaN,NaN,NaN,NaN,NaN,NaN,NaN,147.5278318487,NaN
23101,NaN,NaN,98.5608893052017,NaN,NaN,85.6797325244547,NaN,NaN,NaN,NaN,74.5424403198735,NaN,NaN,88.0831299457785,NaN,NaN,105.47880776135,NaN,102.266639542461,69.3357659506198,92.0297092930576,NaN,NaN,NaN,NaN,NaN,NaN,NaN,72.5376095268099,NaN,NaN,NaN,NaN,NaN,NaN,NaN,NaN,NaN,NaN,NaN,NaN,NaN,NaN,NaN,NaN,NaN,NaN,NaN,NaN,NaN,149.323557032175,NaN
23401,NaN,NaN,NaN,NaN,NaN,86.8369369045499,NaN,NaN,NaN,NaN,75.6041988971904,NaN,NaN,87.9343441107101,NaN,NaN,106.18960498253,NaN,103.110965806919,68.9424539503056,91.993028510692,NaN,NaN,NaN,NaN,NaN,NaN,NaN,71.8895450905245,NaN,NaN,NaN,NaN,NaN,NaN,NaN,NaN,NaN,NaN,NaN,NaN,NaN,NaN,NaN,NaN,NaN,NaN,NaN,NaN,NaN,150.975301715979,NaN
23701,NaN,NaN,NaN,NaN,NaN,88.1080072666333,NaN,NaN,NaN,NaN,76.6761847430877,NaN,NaN,87.5471550918261,NaN,NaN,106.672555835163,NaN,103.414447969899,69.2721247873844,91.9480829219696,NaN,NaN,NaN,NaN,NaN,NaN,NaN,72.2767468652616,NaN,NaN,NaN,NaN,NaN,NaN,NaN,NaN,NaN,NaN,NaN,NaN,NaN,NaN,NaN,NaN,NaN,NaN,NaN,NaN,NaN,152.557909975594,NaN
24001,NaN,NaN,NaN,NaN,NaN,89.8186909226848,NaN,NaN,NaN,NaN,78.3736525825105,NaN,NaN,87.7404229973211,NaN,NaN,107.016870466072,NaN,102.786809894627,70.5113332127257,91.9270853002287,NaN,NaN,NaN,NaN,NaN,NaN,NaN,72.7412174068636,NaN,NaN,NaN,NaN,NaN,NaN,NaN,NaN,NaN,NaN,NaN,NaN,NaN,NaN,NaN,NaN,NaN,NaN,NaN,NaN,NaN,154.39774764009,NaN
24301,NaN,NaN,NaN,NaN,NaN,89.5618581368834,NaN,NaN,NaN,NaN,79.6508513013124,NaN,NaN,87.4113949801205,NaN,NaN,107.156175521788,NaN,NaN,71.0738627576257,91.5639246277144,NaN,NaN,NaN,NaN,NaN,NaN,NaN,73.2781874294058,NaN,NaN,NaN,NaN,NaN,NaN,NaN,NaN,NaN,NaN,NaN,NaN,NaN,NaN,NaN,NaN,NaN,NaN,NaN,NaN,NaN,156.359118336802,NaN
24601,NaN,NaN,NaN,NaN,NaN,91.0536522067314,NaN,NaN,NaN,NaN,80.6177888469522,NaN,NaN,87.4461814113692,NaN,NaN,106.919245438513,NaN,104.084365455465,72.0508290327177,91.22839229938,NaN,NaN,NaN,NaN,NaN,NaN,NaN,73.9887348063426,NaN,NaN,NaN,NaN,NaN,NaN,NaN,NaN,NaN,NaN,NaN,NaN,NaN,NaN,NaN,NaN,NaN,NaN,NaN,NaN,NaN,157.769175894713,NaN
24901,NaN,NaN,NaN,NaN,NaN,92.3150920782759,NaN,NaN,NaN,NaN,82.2542170423219,NaN,NaN,87.1962500873016,NaN,NaN,106.677450630142,NaN,104.628877539084,72.8656585071019,91.2148423335244,NaN,NaN,NaN,NaN,NaN,NaN,NaN,74.7997476318152,NaN,NaN,NaN,NaN,NaN,NaN,NaN,NaN,NaN,NaN,NaN,NaN,NaN,NaN,NaN,NaN,NaN,NaN,NaN,NaN,NaN,159.264194252979,NaN
25201,NaN,NaN,NaN,NaN,NaN,92.9008306728739,NaN,NaN,NaN,NaN,83.648170798636,NaN,NaN,87.2181263222736,NaN,NaN,106.489004474006,NaN,104.844034756184,NaN,91.1844396855268,NaN,NaN,NaN,NaN,NaN,NaN,NaN,75.6101477797695,NaN,NaN,NaN,NaN,NaN,NaN,NaN,NaN,NaN,NaN,NaN,NaN,NaN,NaN,NaN,NaN,NaN,NaN,NaN,NaN,NaN,161.099709791305,NaN
25501,NaN,NaN,NaN,NaN,NaN,93.6224545433215,NaN,NaN,NaN,NaN,84.9083985979617,NaN,NaN,87.209627500266,NaN,NaN,105.970712945828,NaN,104.923431017538,75.2073281693544,91.2422373220937,NaN,NaN,NaN,NaN,NaN,NaN,NaN,76.3420062177091,NaN,NaN,NaN,NaN,NaN,NaN,NaN,NaN,NaN,NaN,NaN,NaN,NaN,NaN,NaN,NaN,NaN,NaN,NaN,NaN,NaN,162.884307497303,NaN
25801,NaN,NaN,NaN,NaN,NaN,94.9573056847729,NaN,NaN,NaN,NaN,86.2163307313381,NaN,NaN,87.2312415691778,NaN,NaN,105.477252942639,NaN,105.067989260804,76.3599219695308,91.3332014524665,NaN,NaN,NaN,NaN,NaN,NaN,NaN,NaN,NaN,NaN,NaN,NaN,NaN,NaN,NaN,NaN,NaN,NaN,NaN,NaN,NaN,NaN,NaN,NaN,NaN,NaN,NaN,NaN,NaN,164.702855134318,NaN
26101,NaN,NaN,NaN,NaN,NaN,96.0718471196529,NaN,NaN,NaN,NaN,87.6101333968643,NaN,NaN,87.1021231028646,NaN,NaN,105.098702321155,NaN,105.155457010411,77.4364147541166,91.3433314867945,NaN,NaN,NaN,NaN,NaN,NaN,NaN,NaN,NaN,NaN,NaN,NaN,NaN,NaN,NaN,NaN,NaN,NaN,NaN,NaN,NaN,NaN,NaN,NaN,NaN,NaN,NaN,NaN,NaN,166.291175599935,NaN
26401,NaN,NaN,NaN,NaN,NaN,97.4384822873824,NaN,NaN,NaN,NaN,88.8387892696643,NaN,NaN,86.9688962672211,NaN,NaN,104.585279931431,NaN,105.544959065972,78.5075502694001,91.3735814863147,NaN,NaN,NaN,NaN,NaN,NaN,NaN,NaN,NaN,NaN,NaN,NaN,NaN,NaN,NaN,NaN,NaN,NaN,NaN,NaN,NaN,NaN,NaN,NaN,NaN,NaN,NaN,NaN,NaN,167.657293216527,NaN
26701,NaN,NaN,NaN,NaN,NaN,98.688787082415,NaN,NaN,NaN,NaN,90.098804695997,NaN,NaN,86.7437706914887,NaN,NaN,104.279175876023,NaN,105.978398378177,79.4659334501849,91.1912937501001,NaN,NaN,NaN,NaN,NaN,NaN,NaN,NaN,NaN,NaN,NaN,NaN,NaN,NaN,NaN,NaN,NaN,NaN,NaN,NaN,NaN,NaN,NaN,NaN,NaN,NaN,NaN,NaN,NaN,168.987987483284,NaN
27001,NaN,NaN,NaN,NaN,NaN,99.4371011005695,NaN,NaN,NaN,NaN,91.2271661807902,NaN,NaN,86.4880336586668,NaN,NaN,103.98583518139,NaN,106.259399771205,80.3620580742628,91.071070168138,NaN,NaN,NaN,NaN,NaN,NaN,NaN,NaN,NaN,NaN,NaN,NaN,NaN,NaN,NaN,NaN,NaN,NaN,NaN,NaN,NaN,NaN,NaN,NaN,NaN,NaN,NaN,NaN,NaN,170.330788345943,NaN
27301,NaN,NaN,NaN,NaN,NaN,100.348782661147,NaN,NaN,NaN,NaN,92.11238679625,NaN,NaN,86.0426611004084,NaN,NaN,103.455894339155,NaN,106.277152747671,81.5132250601784,90.8911799674471,NaN,NaN,NaN,NaN,NaN,NaN,NaN,NaN,NaN,NaN,NaN,NaN,NaN,NaN,NaN,NaN,NaN,NaN,NaN,NaN,NaN,NaN,NaN,NaN,NaN,NaN,NaN,NaN,NaN,171.616037181521,NaN
27601,NaN,NaN,NaN,NaN,NaN,101.4162571946,NaN,NaN,NaN,NaN,92.8568195890945,NaN,NaN,85.567916751549,NaN,NaN,102.714340853137,NaN,105.924295150834,82.5663382760777,90.6620865444232,NaN,NaN,NaN,NaN,NaN,NaN,NaN,NaN,NaN,NaN,NaN,NaN,NaN,NaN,NaN,NaN,NaN,NaN,NaN,NaN,NaN,NaN,NaN,NaN,NaN,NaN,NaN,NaN,NaN,172.87576576262,NaN
27901,NaN,NaN,NaN,NaN,NaN,102.446683160244,NaN,NaN,NaN,NaN,93.8724457662292,NaN,NaN,85.1071574840766,NaN,NaN,102.130068347554,NaN,105.537376602645,83.5357160226648,90.3257195458873,NaN,NaN,NaN,NaN,NaN,NaN,NaN,NaN,NaN,NaN,NaN,NaN,NaN,NaN,NaN,NaN,NaN,NaN,NaN,NaN,NaN,NaN,NaN,NaN,NaN,NaN,NaN,NaN,NaN,173.911808529468,NaN
28201,NaN,NaN,NaN,NaN,74.152610203959,103.254075820132,NaN,NaN,NaN,NaN,94.695264492266,NaN,NaN,84.6721664558483,NaN,NaN,101.635329897499,NaN,105.142750436936,84.445733272186,89.9416905260747,NaN,NaN,NaN,NaN,NaN,NaN,NaN,NaN,NaN,NaN,NaN,NaN,NaN,NaN,NaN,NaN,NaN,NaN,NaN,NaN,NaN,NaN,NaN,NaN,NaN,NaN,NaN,NaN,NaN,174.764580202209,NaN
28501,NaN,NaN,NaN,NaN,74.4018766863546,103.890508892208,NaN,NaN,NaN,NaN,95.4125909874482,NaN,NaN,84.329873754456,NaN,NaN,100.910338634372,NaN,104.77759614162,85.3632289189849,89.4300927168518,NaN,NaN,NaN,NaN,NaN,NaN,NaN,NaN,NaN,NaN,NaN,NaN,NaN,NaN,NaN,NaN,NaN,NaN,NaN,NaN,NaN,NaN,NaN,NaN,NaN,NaN,NaN,NaN,NaN,175.635768201253,NaN
28801,NaN,NaN,NaN,NaN,74.8142909839588,104.376963496616,NaN,NaN,NaN,NaN,96.2779823693173,81.2423570219254,NaN,83.9135566115457,NaN,NaN,99.8889829974452,NaN,103.751955896949,86.3121932443972,88.9743162650882,NaN,NaN,NaN,NaN,NaN,NaN,NaN,NaN,NaN,NaN,NaN,NaN,NaN,NaN,NaN,NaN,NaN,NaN,NaN,NaN,NaN,NaN,NaN,NaN,NaN,NaN,NaN,NaN,NaN,176.462785332747,NaN
29101,NaN,NaN,NaN,NaN,75.2998404154349,104.668878033993,NaN,NaN,NaN,NaN,97.1528237098264,85.1943057274347,NaN,83.4701060427089,NaN,NaN,99.2752496904923,NaN,103.13942112663,87.0425056775354,88.5112007015183,NaN,NaN,NaN,NaN,NaN,NaN,NaN,NaN,NaN,NaN,NaN,NaN,NaN,NaN,NaN,NaN,NaN,NaN,NaN,NaN,NaN,NaN,NaN,NaN,NaN,NaN,NaN,NaN,NaN,177.166967316573,NaN
29401,NaN,NaN,NaN,NaN,76.0082558706294,104.887522444504,NaN,NaN,NaN,NaN,97.8387072497292,89.349325027665,NaN,83.0244111322078,NaN,NaN,98.5196685235049,NaN,102.709955463273,87.9602281231378,87.9585868116249,NaN,NaN,NaN,NaN,NaN,NaN,NaN,NaN,NaN,NaN,NaN,NaN,NaN,NaN,NaN,NaN,NaN,NaN,NaN,NaN,NaN,NaN,NaN,NaN,NaN,NaN,NaN,NaN,NaN,177.942349635807,NaN
29701,NaN,NaN,NaN,NaN,76.7824703402389,105.142155001698,NaN,NaN,NaN,NaN,98.5031029334046,93.6535936224048,NaN,82.5280410541422,NaN,NaN,97.5195337614031,NaN,101.735665307428,88.8903888850959,87.6803738844624,NaN,NaN,NaN,NaN,NaN,NaN,NaN,NaN,NaN,NaN,NaN,NaN,NaN,NaN,NaN,NaN,NaN,NaN,NaN,NaN,NaN,NaN,NaN,NaN,NaN,NaN,NaN,NaN,NaN,178.560637314075,NaN
30001,NaN,NaN,NaN,NaN,77.6012876762565,105.305800214431,NaN,NaN,NaN,NaN,99.1997430200579,98.056881265546,NaN,81.9592605153846,NaN,NaN,96.7845390206044,NaN,100.83495669204,89.69087745304,87.2797841032055,NaN,NaN,NaN,NaN,NaN,NaN,NaN,NaN,NaN,NaN,NaN,NaN,NaN,NaN,NaN,NaN,NaN,NaN,NaN,NaN,NaN,NaN,NaN,NaN,NaN,NaN,NaN,NaN,NaN,179.269179290955,NaN
30301,NaN,NaN,NaN,NaN,78.4542318360588,105.241146354248,NaN,NaN,NaN,NaN,99.9397766213362,102.51250250723,NaN,81.348568820419,NaN,NaN,96.2579466363996,NaN,100.223219064038,90.5473021103318,86.7908657117411,NaN,NaN,NaN,NaN,NaN,NaN,NaN,NaN,NaN,NaN,NaN,NaN,NaN,NaN,NaN,NaN,NaN,NaN,NaN,NaN,NaN,NaN,NaN,NaN,NaN,NaN,NaN,NaN,NaN,179.957398167689,NaN
30601,NaN,NaN,NaN,NaN,79.3809183635113,105.369051607833,NaN,NaN,NaN,NaN,100.495784597636,105.914548988962,NaN,80.7139327576836,NaN,NaN,95.2912916676761,NaN,99.48719842844,91.3583578704902,86.2982144846329,NaN,NaN,NaN,NaN,NaN,NaN,NaN,NaN,NaN,NaN,NaN,NaN,NaN,NaN,NaN,NaN,NaN,NaN,NaN,NaN,NaN,NaN,NaN,NaN,NaN,NaN,NaN,NaN,NaN,180.487709691606,NaN
30901,NaN,NaN,NaN,NaN,80.2296863593916,105.264323599235,NaN,NaN,NaN,NaN,100.783717707971,106.101072812331,NaN,80.1769078339251,NaN,NaN,94.571611748662,NaN,98.7125614981048,92.1121911116079,85.7661657639225,NaN,NaN,NaN,NaN,NaN,NaN,NaN,NaN,NaN,NaN,NaN,NaN,NaN,NaN,NaN,NaN,NaN,NaN,NaN,NaN,NaN,NaN,NaN,NaN,NaN,NaN,NaN,NaN,NaN,180.916508257107,NaN
31201,NaN,NaN,NaN,NaN,81.2226038783155,105.024911897077,NaN,NaN,NaN,NaN,101.222510052902,105.050301551958,NaN,79.7144933699063,NaN,NaN,93.7649619765023,NaN,97.9142408470452,92.8463425978867,85.2501413492673,NaN,NaN,NaN,NaN,NaN,NaN,NaN,NaN,NaN,NaN,NaN,NaN,NaN,NaN,NaN,NaN,NaN,NaN,NaN,NaN,NaN,NaN,NaN,NaN,NaN,NaN,NaN,NaN,NaN,181.230503283802,NaN
31501,NaN,NaN,NaN,NaN,82.3284553660138,104.495317290903,NaN,NaN,NaN,NaN,101.778746687691,104.10950260728,NaN,79.2735337674914,NaN,NaN,92.7562335566361,NaN,97.260883339974,93.409464446773,84.7167983857822,NaN,NaN,NaN,NaN,NaN,NaN,NaN,NaN,NaN,NaN,NaN,NaN,NaN,NaN,NaN,NaN,NaN,NaN,NaN,NaN,NaN,NaN,NaN,NaN,NaN,NaN,NaN,NaN,NaN,181.446596166756,NaN
31801,NaN,NaN,NaN,NaN,83.3296111349358,103.561569687393,NaN,NaN,NaN,NaN,101.865356307215,103.589302145781,NaN,NaN,NaN,NaN,92.1029370605242,NaN,96.4580423063129,93.7875074091475,84.0987707872537,NaN,NaN,NaN,NaN,NaN,NaN,NaN,NaN,NaN,NaN,NaN,NaN,NaN,NaN,NaN,NaN,NaN,NaN,NaN,NaN,NaN,NaN,NaN,NaN,NaN,NaN,NaN,NaN,NaN,181.576185245096,NaN
32101,NaN,NaN,NaN,NaN,84.2366744702946,102.613329912117,NaN,NaN,NaN,NaN,101.653806061243,102.861247885787,NaN,NaN,NaN,NaN,91.3427672942192,NaN,95.857911138642,94.0002801719216,83.5580810908318,NaN,NaN,NaN,NaN,NaN,NaN,NaN,NaN,NaN,NaN,NaN,NaN,NaN,NaN,NaN,NaN,NaN,NaN,NaN,NaN,NaN,NaN,NaN,NaN,NaN,NaN,NaN,NaN,NaN,181.710712299881,NaN
32401,NaN,NaN,NaN,NaN,85.0097232203405,101.980918532842,NaN,NaN,NaN,NaN,101.374918778781,101.977572687312,NaN,NaN,NaN,NaN,90.1770775774788,NaN,95.1559776676027,94.1662988994769,82.9446418349765,NaN,NaN,NaN,NaN,NaN,NaN,NaN,NaN,NaN,NaN,NaN,NaN,NaN,NaN,NaN,NaN,NaN,NaN,NaN,NaN,NaN,NaN,NaN,NaN,NaN,NaN,NaN,NaN,NaN,181.524352693042,NaN
32701,NaN,NaN,NaN,NaN,85.786656603965,101.092429161641,NaN,NaN,NaN,NaN,100.996891484693,101.079071261665,NaN,NaN,NaN,NaN,89.1257573261685,NaN,94.4494126015261,94.319672039874,82.2878914494031,NaN,NaN,NaN,NaN,NaN,NaN,NaN,NaN,NaN,NaN,NaN,NaN,NaN,NaN,NaN,NaN,NaN,NaN,NaN,NaN,NaN,NaN,NaN,NaN,NaN,NaN,NaN,NaN,NaN,181.53286393904,NaN
33001,NaN,NaN,NaN,NaN,86.3315466956727,99.8235827390058,NaN,NaN,NaN,NaN,100.306228492641,100.259219434504,78.0357444169577,NaN,NaN,NaN,88.162571228329,NaN,93.7819348771032,94.1491223445157,81.3590301600293,NaN,NaN,NaN,NaN,NaN,NaN,NaN,NaN,NaN,NaN,NaN,NaN,NaN,NaN,NaN,NaN,NaN,NaN,NaN,NaN,NaN,NaN,NaN,NaN,NaN,NaN,NaN,NaN,NaN,181.309439701707,NaN
33301,NaN,NaN,NaN,NaN,86.9279113736471,98.4982206423656,NaN,NaN,NaN,NaN,99.7831966040721,99.4286758510121,78.1268615678483,NaN,NaN,NaN,87.288472505337,NaN,92.8809860522314,94.0183273105604,80.8185673663488,NaN,NaN,NaN,NaN,NaN,NaN,NaN,NaN,NaN,NaN,NaN,NaN,NaN,NaN,NaN,NaN,NaN,NaN,NaN,NaN,NaN,NaN,NaN,NaN,NaN,NaN,NaN,NaN,NaN,180.773823724679,NaN
33601,NaN,NaN,NaN,NaN,87.3959070200326,97.1683542163779,NaN,NaN,NaN,NaN,98.910574781842,98.6141553651189,78.3771802151256,NaN,NaN,NaN,86.5340510825143,NaN,91.9841770115132,93.8547739194476,80.3858056551637,NaN,NaN,NaN,NaN,NaN,NaN,NaN,NaN,NaN,NaN,NaN,NaN,NaN,NaN,NaN,NaN,NaN,NaN,NaN,NaN,NaN,NaN,NaN,NaN,NaN,NaN,NaN,NaN,NaN,180.168778145149,NaN
33901,NaN,NaN,NaN,NaN,87.5231851682557,95.7637527009491,NaN,NaN,NaN,NaN,97.7133263074024,97.6203345012797,78.8205984394725,NaN,NaN,NaN,85.6918283988205,NaN,90.9592894468868,93.506939331901,79.9880231355385,NaN,NaN,NaN,NaN,NaN,NaN,NaN,NaN,NaN,NaN,NaN,NaN,NaN,NaN,NaN,NaN,NaN,NaN,NaN,NaN,NaN,NaN,NaN,NaN,NaN,NaN,NaN,NaN,NaN,179.448992364576,NaN
34201,NaN,NaN,NaN,NaN,87.6156764615945,94.4555685022749,NaN,NaN,NaN,NaN,96.7376462977215,96.9130848729134,79.4114635293937,NaN,NaN,NaN,84.9478035188126,NaN,90.1505605654595,93.1336130244338,79.6684897033025,NaN,NaN,NaN,NaN,NaN,NaN,NaN,NaN,NaN,NaN,NaN,NaN,NaN,NaN,NaN,NaN,NaN,NaN,NaN,NaN,NaN,NaN,NaN,NaN,NaN,NaN,NaN,NaN,NaN,178.681231805755,NaN
34501,NaN,NaN,NaN,NaN,87.5769222982403,92.9467902648085,NaN,NaN,NaN,NaN,NaN,96.1124762015945,79.952679613916,NaN,NaN,NaN,84.1548067250614,NaN,89.2649611704494,92.7257285914147,79.436852805526,NaN,NaN,88.4711798112973,NaN,NaN,NaN,NaN,NaN,NaN,NaN,NaN,NaN,NaN,NaN,NaN,NaN,NaN,NaN,NaN,NaN,NaN,NaN,NaN,NaN,NaN,NaN,NaN,NaN,NaN,177.826095060765,NaN
34801,NaN,NaN,NaN,NaN,87.6299011614268,91.4958600046217,NaN,NaN,NaN,NaN,94.5932297088983,95.4049914858475,80.3580310685468,NaN,NaN,NaN,83.1184367075033,NaN,88.3385106528211,92.2894961464419,NaN,NaN,NaN,91.3167648599812,NaN,NaN,NaN,NaN,NaN,NaN,NaN,NaN,NaN,NaN,NaN,NaN,NaN,NaN,NaN,NaN,NaN,NaN,NaN,NaN,NaN,NaN,NaN,NaN,NaN,NaN,176.861375636797,NaN
35101,NaN,NaN,NaN,NaN,87.578903719761,90.2079383504927,NaN,NaN,NaN,NaN,93.3748781194249,94.6201102233203,80.5986044215648,NaN,NaN,NaN,82.2505966018936,NaN,87.3880210644739,91.7421749095325,NaN,NaN,NaN,94.120069083079,NaN,NaN,NaN,NaN,NaN,NaN,NaN,NaN,NaN,NaN,NaN,NaN,NaN,NaN,NaN,NaN,NaN,NaN,NaN,NaN,NaN,NaN,NaN,NaN,NaN,NaN,175.83246595536,NaN
35401,NaN,NaN,NaN,NaN,87.3488359521873,89.0643868978551,NaN,NaN,NaN,NaN,92.1955727264614,93.7793667650678,80.8129357818622,NaN,NaN,NaN,81.3281210050633,NaN,86.5371932247576,91.2301632364535,NaN,NaN,NaN,94.7014297253395,NaN,NaN,NaN,NaN,NaN,NaN,NaN,NaN,NaN,NaN,NaN,NaN,NaN,NaN,NaN,NaN,NaN,NaN,NaN,NaN,NaN,NaN,NaN,NaN,NaN,NaN,174.793833433237,NaN
35701,NaN,NaN,NaN,NaN,87.0788521586313,87.7449828153753,NaN,NaN,NaN,NaN,91.306233288391,92.9035184660416,81.0252859003982,NaN,NaN,NaN,NaN,NaN,85.7215339539034,90.5886274621172,NaN,NaN,NaN,93.3454391203594,NaN,NaN,NaN,NaN,NaN,NaN,NaN,NaN,NaN,NaN,NaN,NaN,NaN,NaN,NaN,NaN,NaN,NaN,NaN,NaN,NaN,NaN,NaN,NaN,NaN,NaN,173.782118015588,NaN
36001,NaN,NaN,NaN,NaN,86.8066643420002,86.158811031608,NaN,NaN,NaN,NaN,90.2339243025193,92.0509164133523,81.0371888873428,NaN,76.8291668608283,NaN,NaN,NaN,84.5585116807812,89.9677109828768,NaN,NaN,NaN,92.0133457486553,NaN,NaN,NaN,NaN,NaN,NaN,NaN,NaN,NaN,NaN,NaN,NaN,NaN,NaN,NaN,NaN,NaN,NaN,NaN,NaN,NaN,NaN,NaN,NaN,NaN,NaN,172.618742652628,NaN
36301,NaN,NaN,NaN,NaN,86.4556917260367,84.7704020913192,NaN,NaN,NaN,NaN,89.149116400296,91.156917444559,80.9115327989121,NaN,77.9840715893641,NaN,NaN,NaN,83.6949329362669,89.2020701225678,NaN,NaN,NaN,90.7819722966794,NaN,NaN,NaN,NaN,NaN,NaN,NaN,NaN,NaN,NaN,NaN,NaN,NaN,NaN,NaN,NaN,NaN,NaN,NaN,NaN,NaN,NaN,NaN,NaN,NaN,NaN,171.413170726772,NaN
36601,NaN,NaN,NaN,NaN,86.1497543470409,83.5320731247831,NaN,NaN,NaN,NaN,88.115942698489,90.2574415702692,80.7235205181918,NaN,77.5881685363256,NaN,NaN,NaN,82.8394905197728,88.3482255888362,NaN,NaN,NaN,89.4888388821774,NaN,NaN,NaN,NaN,NaN,NaN,NaN,NaN,NaN,NaN,NaN,NaN,NaN,NaN,NaN,NaN,NaN,NaN,NaN,NaN,NaN,NaN,NaN,NaN,NaN,NaN,170.437295659667,NaN
36901,NaN,NaN,NaN,NaN,85.9370694415811,82.3535608864601,NaN,NaN,NaN,NaN,87.1312107305986,89.3039496232497,80.6872232671264,NaN,77.2005687806363,NaN,NaN,NaN,81.7653115766932,87.808029887736,NaN,NaN,NaN,88.2261556385906,NaN,NaN,NaN,NaN,NaN,NaN,NaN,NaN,NaN,NaN,NaN,NaN,NaN,NaN,NaN,NaN,NaN,NaN,NaN,NaN,NaN,NaN,NaN,NaN,NaN,NaN,169.209460103086,NaN
37201,NaN,NaN,NaN,NaN,85.6185810966481,81.5370366349555,NaN,NaN,NaN,NaN,86.2469157236122,88.3403664308239,80.3361518194196,NaN,76.8959704924801,NaN,NaN,NaN,80.7337565097229,87.2137232549894,NaN,NaN,NaN,86.9650369672566,NaN,NaN,NaN,NaN,NaN,NaN,NaN,NaN,NaN,NaN,NaN,NaN,NaN,NaN,NaN,NaN,NaN,NaN,NaN,NaN,NaN,NaN,NaN,NaN,NaN,NaN,167.978190838324,NaN
37501,NaN,NaN,NaN,NaN,85.2683890328382,81.1542170683108,NaN,NaN,NaN,NaN,85.4476899792039,87.5039043915603,79.906863373443,NaN,76.4628331513206,NaN,NaN,NaN,79.484961033113,86.5714064047133,NaN,NaN,NaN,85.9118283377037,NaN,NaN,NaN,NaN,NaN,NaN,NaN,NaN,NaN,NaN,NaN,NaN,NaN,NaN,NaN,NaN,NaN,NaN,NaN,NaN,NaN,NaN,NaN,NaN,NaN,NaN,166.815341564041,NaN
37801,NaN,NaN,NaN,NaN,85.0800737876453,80.5795323517656,NaN,NaN,NaN,NaN,84.5808971096844,86.7071050766671,79.720092307372,NaN,76.124173699744,NaN,NaN,NaN,78.2025874372806,85.7488416845575,NaN,NaN,NaN,84.6379026722579,NaN,NaN,NaN,NaN,NaN,NaN,NaN,NaN,NaN,NaN,NaN,NaN,NaN,NaN,NaN,NaN,NaN,NaN,NaN,NaN,NaN,NaN,NaN,NaN,NaN,NaN,165.717358726292,NaN
38101,NaN,NaN,NaN,NaN,84.9305512218288,79.7343946256159,NaN,NaN,NaN,NaN,83.8448356366785,85.7521015404035,79.5690892942548,NaN,75.8708178570837,NaN,NaN,NaN,76.809069655482,84.9701920039266,NaN,NaN,NaN,83.3395067468322,NaN,NaN,NaN,NaN,NaN,NaN,NaN,NaN,NaN,NaN,NaN,NaN,NaN,NaN,NaN,NaN,NaN,NaN,NaN,NaN,NaN,NaN,NaN,NaN,NaN,NaN,164.572940190528,NaN
38401,NaN,NaN,NaN,NaN,84.5276816223115,78.7781207333685,NaN,NaN,NaN,NaN,82.8124521050031,84.7400691887663,79.2824911214948,NaN,75.393957850425,NaN,NaN,NaN,75.3783286608454,84.2487394858457,NaN,NaN,NaN,82.2031929290497,NaN,NaN,NaN,NaN,NaN,NaN,NaN,NaN,NaN,NaN,NaN,NaN,NaN,NaN,NaN,NaN,NaN,NaN,NaN,NaN,NaN,NaN,NaN,NaN,NaN,NaN,163.182080723462,NaN
38701,NaN,NaN,NaN,NaN,84.1456641590952,77.5680077892824,NaN,NaN,NaN,NaN,82.056154640546,83.6745501929329,78.9949518024963,NaN,75.2044722193045,NaN,NaN,NaN,73.7875291986079,83.3644090562641,NaN,NaN,NaN,81.2324980484871,NaN,NaN,NaN,NaN,NaN,NaN,NaN,NaN,NaN,NaN,NaN,NaN,NaN,NaN,NaN,NaN,NaN,NaN,NaN,NaN,NaN,NaN,NaN,NaN,NaN,NaN,161.839974123436,NaN
39001,NaN,NaN,NaN,NaN,83.8546955317521,76.4221388938834,NaN,NaN,NaN,NaN,81.1929803082234,82.7206124278064,78.6892554370759,NaN,75.2453523412647,NaN,NaN,NaN,71.9808867726195,82.523293388252,NaN,NaN,NaN,80.2316760404916,NaN,NaN,NaN,66.9866917021789,NaN,NaN,NaN,NaN,NaN,NaN,NaN,NaN,NaN,NaN,NaN,NaN,NaN,NaN,NaN,NaN,NaN,NaN,NaN,NaN,NaN,NaN,160.595052221327,NaN
39301,NaN,NaN,NaN,NaN,83.4991748290346,75.0316752528119,NaN,NaN,NaN,NaN,80.4851933492513,81.7900958703579,78.7035856874273,NaN,75.2943981588758,NaN,NaN,NaN,69.8573507288589,81.837422677551,NaN,NaN,NaN,79.2254592969578,NaN,NaN,NaN,70.2240437214224,NaN,NaN,NaN,NaN,NaN,NaN,NaN,NaN,NaN,NaN,NaN,NaN,NaN,NaN,NaN,NaN,NaN,NaN,NaN,NaN,NaN,NaN,159.319597269004,NaN
39601,NaN,NaN,NaN,NaN,83.0202132610085,NaN,NaN,NaN,NaN,NaN,79.7295454452196,80.9657341864113,78.6023564156538,NaN,75.174437057794,NaN,NaN,NaN,67.4236109782579,81.0364840401218,NaN,NaN,NaN,78.1545891787031,NaN,NaN,NaN,73.6794938350675,NaN,NaN,NaN,NaN,NaN,NaN,NaN,NaN,NaN,NaN,NaN,NaN,NaN,NaN,NaN,NaN,NaN,NaN,NaN,NaN,NaN,NaN,158.0894882872,NaN
39901,NaN,NaN,NaN,NaN,82.1203245359393,NaN,NaN,NaN,NaN,NaN,78.9316982634604,79.8947015290119,78.1448659161398,NaN,75.0565518575479,NaN,NaN,NaN,NaN,80.0776908269205,NaN,NaN,NaN,77.1429874580212,NaN,NaN,NaN,77.3194383415265,NaN,NaN,NaN,NaN,NaN,NaN,NaN,NaN,NaN,NaN,NaN,NaN,NaN,NaN,NaN,NaN,NaN,NaN,NaN,NaN,NaN,NaN,156.65884883118,NaN
40201,NaN,NaN,NaN,NaN,80.9471450643224,NaN,NaN,NaN,NaN,NaN,78.2000410324156,78.7730704242157,77.6837521088112,NaN,75.4843697571409,NaN,NaN,NaN,NaN,78.9286050849324,NaN,NaN,NaN,76.1999547030249,NaN,NaN,NaN,81.1111854241622,NaN,NaN,NaN,NaN,NaN,NaN,NaN,NaN,NaN,NaN,NaN,NaN,NaN,NaN,NaN,NaN,NaN,NaN,NaN,NaN,NaN,NaN,154.90069078351,NaN
40501,NaN,NaN,NaN,NaN,80.0100428385405,NaN,NaN,NaN,NaN,NaN,77.1722364167552,77.5632326427447,77.0194165327747,NaN,75.1797667143586,NaN,NaN,NaN,NaN,77.576426191669,NaN,NaN,NaN,75.3322704255659,NaN,NaN,NaN,80.7949229876157,NaN,NaN,NaN,NaN,NaN,NaN,NaN,NaN,NaN,NaN,NaN,NaN,NaN,NaN,NaN,NaN,NaN,NaN,NaN,NaN,NaN,NaN,153.027054340369,NaN
40801,NaN,NaN,NaN,NaN,78.9352955636599,NaN,NaN,NaN,NaN,NaN,76.108148381554,76.1632716077438,76.1712135413879,NaN,74.8072587600572,NaN,NaN,NaN,NaN,76.1355314319925,NaN,NaN,NaN,74.3240693912373,NaN,NaN,NaN,80.0107432185958,NaN,NaN,NaN,NaN,NaN,NaN,NaN,NaN,NaN,NaN,NaN,NaN,NaN,NaN,NaN,NaN,NaN,NaN,NaN,NaN,NaN,NaN,151.41817367067,NaN
41101,NaN,NaN,NaN,NaN,77.8116716476873,NaN,NaN,NaN,NaN,NaN,74.9718631535931,74.8532570077273,75.34200894982,NaN,74.4128466265793,NaN,NaN,NaN,NaN,74.4866219686228,NaN,NaN,NaN,73.3156862983645,NaN,NaN,NaN,79.2485312459806,NaN,NaN,NaN,NaN,NaN,NaN,NaN,NaN,NaN,NaN,NaN,NaN,NaN,NaN,NaN,NaN,NaN,NaN,NaN,NaN,NaN,NaN,149.747103146676,NaN
41401,NaN,NaN,NaN,NaN,76.7690130171739,NaN,NaN,NaN,NaN,NaN,72.8972571663083,73.2817747417659,74.0628222242145,NaN,73.6184304585521,NaN,NaN,NaN,NaN,72.9225186266059,NaN,NaN,NaN,72.187138917523,NaN,NaN,NaN,78.354750456215,NaN,NaN,NaN,NaN,NaN,NaN,NaN,NaN,NaN,NaN,NaN,NaN,NaN,NaN,NaN,NaN,NaN,NaN,NaN,NaN,NaN,NaN,147.900209894462,NaN
41701,NaN,NaN,NaN,NaN,75.5737809226139,NaN,NaN,NaN,NaN,NaN,70.6633822931131,71.5461931292941,72.5821823355396,NaN,72.9193285026506,NaN,NaN,NaN,NaN,71.1823470833217,NaN,NaN,NaN,70.9236638055965,NaN,NaN,NaN,77.4181008287354,NaN,NaN,NaN,NaN,NaN,NaN,NaN,NaN,NaN,NaN,NaN,NaN,NaN,NaN,NaN,NaN,NaN,NaN,NaN,NaN,NaN,NaN,145.978376859954,NaN
42001,NaN,NaN,NaN,NaN,74.0610164929603,NaN,NaN,NaN,NaN,NaN,68.3693874151145,69.7156032834507,70.9896318976906,NaN,71.5006984491542,NaN,NaN,NaN,NaN,69.5836227552868,NaN,NaN,NaN,69.5946329769506,NaN,NaN,NaN,76.4588426272245,NaN,NaN,NaN,NaN,NaN,NaN,NaN,NaN,NaN,NaN,NaN,NaN,NaN,NaN,NaN,NaN,NaN,NaN,NaN,NaN,NaN,NaN,144.113316284674,NaN
42301,NaN,NaN,NaN,NaN,72.3635771059982,NaN,NaN,NaN,NaN,NaN,66.0427591939294,67.7965554871655,69.2357922454974,NaN,70.2162902160027,NaN,NaN,NaN,NaN,67.9632448483839,NaN,NaN,NaN,68.2573955043261,NaN,NaN,NaN,75.2253142064304,NaN,NaN,NaN,NaN,NaN,NaN,NaN,NaN,NaN,NaN,NaN,NaN,NaN,NaN,NaN,NaN,NaN,NaN,NaN,NaN,NaN,NaN,142.247189313407,NaN
42601,NaN,NaN,NaN,NaN,70.7532231138094,NaN,NaN,NaN,NaN,NaN,63.8595715663995,65.6622599239362,67.8891297973596,NaN,68.9032797203317,NaN,NaN,NaN,NaN,66.5235423290851,NaN,NaN,NaN,66.8081505194454,NaN,NaN,NaN,74.0277686091855,NaN,NaN,NaN,NaN,NaN,NaN,NaN,NaN,NaN,NaN,NaN,NaN,NaN,NaN,NaN,NaN,NaN,NaN,NaN,NaN,NaN,NaN,140.304028069555,NaN
42901,NaN,NaN,NaN,NaN,69.3825435092579,NaN,NaN,NaN,NaN,NaN,61.7168352134231,63.0807006467984,66.543831101,NaN,67.3859601996426,NaN,NaN,NaN,NaN,65.3555746111799,NaN,NaN,NaN,65.1357512870639,NaN,NaN,NaN,72.7036115439865,NaN,NaN,NaN,NaN,NaN,NaN,NaN,NaN,NaN,NaN,NaN,NaN,NaN,NaN,NaN,NaN,NaN,NaN,NaN,NaN,NaN,NaN,138.23647740669,NaN
43201,NaN,NaN,NaN,NaN,68.205183661105,NaN,NaN,NaN,NaN,NaN,59.7252502067446,60.3407960082107,65.0364136195877,NaN,65.9473877296757,NaN,NaN,NaN,NaN,64.3326775965633,NaN,67.4030776463173,50.7617969233576,63.2919096572151,NaN,NaN,NaN,71.4209636871354,NaN,NaN,NaN,NaN,NaN,NaN,NaN,NaN,NaN,NaN,NaN,NaN,NaN,NaN,NaN,NaN,NaN,NaN,NaN,NaN,NaN,NaN,136.268586694662,NaN
43501,NaN,NaN,NaN,NaN,67.0608444873918,NaN,NaN,NaN,NaN,NaN,57.6736386542639,57.5948594404162,63.6546178362747,NaN,65.0054677785868,NaN,NaN,NaN,NaN,63.5724592057395,NaN,66.5135455750604,49.1527714603946,60.9567358676959,NaN,NaN,NaN,70.3326082751847,NaN,NaN,NaN,NaN,NaN,NaN,NaN,NaN,NaN,NaN,NaN,NaN,NaN,NaN,NaN,NaN,NaN,NaN,NaN,NaN,NaN,NaN,134.551971553024,NaN
43801,NaN,NaN,NaN,NaN,65.9291641126009,NaN,NaN,NaN,NaN,NaN,55.6331350084655,55.070289322787,62.4243184577144,NaN,63.3831149901314,NaN,NaN,NaN,NaN,63.0723634146872,NaN,65.4825808759623,47.0275300705219,58.5621882225293,NaN,NaN,NaN,69.2109780868267,NaN,NaN,NaN,NaN,NaN,NaN,NaN,NaN,NaN,NaN,NaN,NaN,NaN,NaN,NaN,NaN,NaN,NaN,NaN,NaN,NaN,NaN,133.049142003283,NaN
44101,NaN,NaN,NaN,NaN,65.1555379766143,NaN,NaN,NaN,NaN,NaN,53.6236690570161,52.7273894865238,61.411540666053,NaN,61.7567962877609,NaN,NaN,NaN,NaN,63.00950348357,NaN,64.2918442568005,44.7949990048202,55.98946283461,NaN,NaN,NaN,67.9132405145876,NaN,NaN,NaN,NaN,NaN,NaN,NaN,NaN,NaN,NaN,NaN,NaN,NaN,NaN,NaN,NaN,NaN,NaN,NaN,NaN,NaN,NaN,131.606419892959,NaN
44401,NaN,NaN,NaN,NaN,64.7903228856341,NaN,NaN,NaN,NaN,NaN,51.665763056171,50.6351767161684,60.6590911126522,NaN,60.4881017021192,NaN,NaN,NaN,NaN,62.7267518904263,NaN,63.0867666723622,42.7590718898774,53.2580613170617,NaN,NaN,NaN,66.5096917146191,NaN,NaN,NaN,NaN,NaN,NaN,NaN,NaN,NaN,NaN,NaN,NaN,NaN,NaN,NaN,NaN,NaN,NaN,NaN,NaN,NaN,NaN,130.508296485849,NaN
44701,NaN,NaN,NaN,NaN,64.8685005712754,NaN,NaN,NaN,NaN,NaN,49.9134728725125,48.6412650493254,60.1021453488109,NaN,59.5057958731488,NaN,NaN,NaN,NaN,62.7064505460017,NaN,62.1522085295644,41.0844661529409,50.6101206999946,NaN,NaN,NaN,65.3286255637033,NaN,NaN,NaN,NaN,NaN,NaN,NaN,NaN,NaN,NaN,NaN,NaN,NaN,NaN,NaN,NaN,NaN,NaN,NaN,NaN,NaN,NaN,129.618321011161,NaN
45001,NaN,NaN,NaN,NaN,64.9823102867957,NaN,NaN,NaN,NaN,NaN,48.1176520566649,47.0496723556404,59.8568067912905,NaN,58.591296772009,NaN,NaN,NaN,NaN,NaN,NaN,61.3967078306214,39.5241505211087,48.018493062578,NaN,NaN,NaN,64.2069718486368,NaN,NaN,NaN,NaN,NaN,NaN,NaN,NaN,NaN,NaN,NaN,NaN,NaN,NaN,NaN,NaN,NaN,NaN,NaN,NaN,NaN,NaN,128.734809762728,NaN
45301,NaN,NaN,NaN,NaN,64.9368311539616,NaN,NaN,NaN,NaN,NaN,46.280487192647,NaN,59.9181780021209,NaN,57.786835997207,NaN,NaN,NaN,NaN,NaN,NaN,61.0794211750857,38.0920466499662,45.7748943407277,NaN,NaN,NaN,63.0942521408746,NaN,NaN,NaN,NaN,NaN,NaN,NaN,NaN,NaN,NaN,NaN,NaN,NaN,NaN,NaN,NaN,NaN,NaN,NaN,NaN,NaN,NaN,128.05232121251,NaN
45601,NaN,NaN,NaN,NaN,64.9659861675587,NaN,NaN,NaN,NaN,NaN,44.3852330105925,NaN,60.2524075382023,NaN,NaN,NaN,NaN,NaN,NaN,NaN,NaN,60.7192804360669,36.6883838356959,NaN,NaN,NaN,NaN,62.0595220478977,NaN,NaN,NaN,NaN,NaN,NaN,NaN,NaN,NaN,NaN,NaN,NaN,NaN,NaN,NaN,NaN,NaN,NaN,NaN,NaN,NaN,NaN,127.632839635108,NaN
45901,NaN,NaN,NaN,NaN,65.0337041082419,NaN,NaN,NaN,NaN,NaN,42.4628074424651,NaN,60.6053354645296,NaN,56.9355035417658,NaN,NaN,63.2345651546562,NaN,NaN,NaN,60.6372342075473,35.4103632206685,NaN,NaN,NaN,NaN,60.946066867572,NaN,NaN,NaN,NaN,NaN,NaN,NaN,NaN,NaN,NaN,NaN,NaN,NaN,NaN,NaN,NaN,NaN,NaN,NaN,NaN,NaN,NaN,127.35714751899,NaN
46201,NaN,NaN,NaN,NaN,65.373601061129,NaN,NaN,NaN,NaN,NaN,40.6533316272068,NaN,61.0630315770428,NaN,56.6306043902326,NaN,NaN,64.0640433583278,NaN,NaN,NaN,60.9730295842702,34.6984357055544,NaN,NaN,NaN,NaN,59.9238630668056,NaN,NaN,NaN,NaN,NaN,NaN,NaN,NaN,NaN,NaN,NaN,NaN,NaN,NaN,NaN,NaN,NaN,NaN,NaN,NaN,NaN,NaN,127.083780878335,NaN
46501,NaN,NaN,NaN,NaN,65.8139342081032,NaN,NaN,NaN,NaN,NaN,38.843136886125,NaN,61.8236051596731,NaN,56.6170137332794,NaN,NaN,64.9881218342565,NaN,NaN,NaN,61.8562184769581,34.204077065397,NaN,NaN,NaN,NaN,58.9235793396435,NaN,NaN,NaN,NaN,NaN,NaN,NaN,NaN,NaN,NaN,NaN,NaN,NaN,NaN,NaN,NaN,NaN,NaN,NaN,NaN,NaN,NaN,126.775038302415,NaN
46801,NaN,NaN,NaN,NaN,65.935511539197,NaN,NaN,NaN,NaN,NaN,37.190058011676,NaN,62.7338534209367,NaN,56.7135569752632,NaN,NaN,66.2977983693197,NaN,NaN,NaN,62.7314547035519,33.8615709940299,NaN,NaN,NaN,NaN,57.5864933128616,NaN,NaN,NaN,NaN,NaN,NaN,NaN,NaN,NaN,NaN,NaN,NaN,NaN,NaN,NaN,NaN,NaN,NaN,NaN,NaN,NaN,NaN,126.593163446189,NaN
47101,NaN,NaN,NaN,NaN,65.860383575889,NaN,NaN,NaN,NaN,NaN,35.5604401318435,NaN,63.7387366057053,NaN,57.1236736870923,NaN,NaN,66.819359071226,NaN,NaN,NaN,63.2536537044287,33.5846993962261,NaN,NaN,NaN,NaN,55.7017373705741,NaN,NaN,NaN,NaN,NaN,NaN,NaN,NaN,NaN,NaN,NaN,NaN,NaN,NaN,NaN,NaN,NaN,NaN,NaN,NaN,NaN,NaN,126.586356738924,NaN
47401,NaN,NaN,NaN,NaN,66.1469139940165,NaN,NaN,NaN,NaN,NaN,34.0523898838597,NaN,64.6800737689928,NaN,57.8819039982711,NaN,NaN,66.9808147555638,NaN,NaN,NaN,64.1943416199159,33.4481386842458,NaN,NaN,NaN,NaN,54.0475408003963,NaN,NaN,NaN,NaN,NaN,NaN,NaN,NaN,NaN,NaN,NaN,NaN,NaN,NaN,NaN,NaN,NaN,NaN,NaN,NaN,NaN,NaN,NaN,83.4622167744306
47701,NaN,NaN,NaN,NaN,66.5117829086017,NaN,NaN,NaN,NaN,NaN,32.7473947652346,NaN,65.6169951312891,NaN,58.3224837113747,NaN,NaN,67.0591000739671,NaN,NaN,NaN,65.5469546768303,34.0174180453523,NaN,NaN,NaN,NaN,53.3621687073035,NaN,NaN,NaN,NaN,NaN,NaN,NaN,NaN,NaN,NaN,NaN,NaN,NaN,NaN,NaN,NaN,NaN,NaN,NaN,NaN,NaN,NaN,NaN,84.3008244250594
48001,NaN,NaN,NaN,NaN,66.5869402524248,NaN,NaN,NaN,NaN,NaN,NaN,NaN,66.5023449839855,NaN,58.8653709302473,NaN,NaN,67.0126589320205,NaN,NaN,NaN,66.2875705014121,34.5483481937144,NaN,NaN,NaN,NaN,52.0986281476972,NaN,NaN,NaN,NaN,NaN,NaN,NaN,NaN,NaN,NaN,NaN,NaN,NaN,NaN,NaN,NaN,NaN,NaN,NaN,NaN,NaN,NaN,NaN,85.5043685389384
48301,NaN,NaN,NaN,NaN,66.6341727347942,NaN,NaN,NaN,NaN,NaN,NaN,NaN,67.3306186248553,NaN,59.3113742368735,NaN,NaN,67.2992552458273,NaN,NaN,NaN,66.6371561405095,35.7262182420055,NaN,NaN,NaN,NaN,51.3691948420766,NaN,NaN,NaN,NaN,NaN,NaN,NaN,NaN,NaN,NaN,NaN,NaN,NaN,NaN,NaN,NaN,NaN,NaN,NaN,NaN,NaN,NaN,NaN,87.0171263982765
48601,NaN,NaN,NaN,NaN,66.8358735885139,NaN,NaN,NaN,NaN,NaN,NaN,NaN,67.910147499935,NaN,60.4435979416621,NaN,NaN,67.3762491466367,NaN,NaN,NaN,67.2034178447386,37.3970469391501,NaN,NaN,NaN,NaN,51.0353827601458,NaN,NaN,NaN,NaN,NaN,NaN,NaN,NaN,NaN,NaN,NaN,NaN,NaN,NaN,NaN,NaN,NaN,NaN,NaN,NaN,NaN,NaN,NaN,88.9392110680943
48901,NaN,NaN,NaN,NaN,67.1159645046077,NaN,NaN,NaN,NaN,NaN,NaN,NaN,68.0771994079662,NaN,62.2284122193472,NaN,NaN,67.114911521079,NaN,NaN,NaN,67.6879673838937,39.014029433305,NaN,NaN,NaN,NaN,50.5905414752493,NaN,NaN,NaN,NaN,NaN,NaN,NaN,NaN,NaN,NaN,NaN,NaN,NaN,NaN,NaN,NaN,NaN,NaN,NaN,NaN,NaN,NaN,NaN,91.175213924833
49201,NaN,NaN,NaN,NaN,67.1792381870307,NaN,NaN,NaN,NaN,NaN,NaN,NaN,67.5658977656817,NaN,63.4417067346281,NaN,NaN,67.2619192331881,NaN,NaN,NaN,67.8446169069609,40.114011914302,NaN,NaN,NaN,NaN,50.0177766022992,NaN,NaN,NaN,NaN,NaN,NaN,NaN,NaN,NaN,NaN,NaN,NaN,NaN,NaN,NaN,NaN,NaN,NaN,NaN,NaN,NaN,NaN,NaN,92.7641776214568
49501,NaN,NaN,NaN,NaN,67.1988203529356,NaN,NaN,NaN,NaN,NaN,NaN,NaN,67.1133805123207,NaN,64.4098404635007,NaN,NaN,67.2184261647703,NaN,NaN,NaN,68.0599765697704,41.0850081246749,NaN,NaN,NaN,NaN,48.986847811403,NaN,NaN,NaN,NaN,NaN,NaN,NaN,NaN,NaN,NaN,NaN,NaN,NaN,NaN,NaN,NaN,NaN,NaN,NaN,NaN,NaN,NaN,NaN,93.9748544166754
49801,NaN,NaN,NaN,NaN,67.3280753910674,NaN,NaN,NaN,NaN,NaN,NaN,NaN,65.3995716086883,NaN,65.7250944362409,NaN,NaN,NaN,NaN,NaN,NaN,68.3946993947905,42.5709674993772,NaN,NaN,NaN,NaN,48.5597191130028,NaN,NaN,NaN,NaN,NaN,NaN,NaN,NaN,NaN,NaN,NaN,NaN,NaN,NaN,NaN,NaN,NaN,NaN,NaN,NaN,NaN,NaN,NaN,95.8264649695167
50101,NaN,NaN,NaN,NaN,67.3488000134815,NaN,NaN,NaN,NaN,NaN,NaN,NaN,63.807372020916,NaN,66.9535322687137,NaN,NaN,66.746779021518,NaN,NaN,NaN,68.6438320062348,44.9881932520269,NaN,NaN,NaN,NaN,49.4080934763686,NaN,NaN,NaN,NaN,NaN,NaN,NaN,NaN,NaN,NaN,NaN,NaN,NaN,NaN,NaN,NaN,NaN,NaN,NaN,NaN,NaN,NaN,NaN,98.4959723416701
50401,NaN,NaN,NaN,NaN,67.3647415792367,NaN,NaN,NaN,NaN,NaN,NaN,NaN,61.6509843041629,NaN,67.6184060161912,NaN,NaN,66.0298760160363,NaN,NaN,NaN,68.7452991239696,46.4335004876769,NaN,NaN,NaN,NaN,48.9210673704723,NaN,NaN,NaN,NaN,NaN,NaN,NaN,NaN,NaN,NaN,NaN,NaN,NaN,NaN,NaN,NaN,NaN,NaN,NaN,NaN,NaN,NaN,NaN,100.407066457911
50701,NaN,NaN,NaN,NaN,67.5387410103776,NaN,NaN,NaN,NaN,NaN,NaN,NaN,NaN,NaN,68.0265656506131,NaN,NaN,66.0464139091977,NaN,NaN,NaN,68.6036117058318,48.5525265954618,NaN,NaN,NaN,NaN,48.7700360849613,NaN,NaN,NaN,NaN,NaN,NaN,NaN,NaN,NaN,NaN,NaN,NaN,NaN,NaN,NaN,NaN,NaN,NaN,NaN,NaN,NaN,NaN,NaN,103.118832845444
51001,NaN,NaN,NaN,NaN,67.9042115782303,NaN,NaN,NaN,NaN,NaN,NaN,NaN,NaN,NaN,68.5285007006857,NaN,NaN,65.7759765060438,NaN,NaN,NaN,68.5813370774386,50.6078009107527,NaN,NaN,NaN,NaN,49.8393709707314,NaN,NaN,NaN,NaN,NaN,NaN,NaN,NaN,NaN,NaN,NaN,NaN,NaN,NaN,NaN,NaN,NaN,NaN,NaN,NaN,NaN,NaN,NaN,105.369457538092
51301,NaN,NaN,NaN,NaN,68.2091917989155,NaN,NaN,NaN,NaN,NaN,NaN,NaN,NaN,NaN,69.0414695842044,NaN,NaN,65.8889722283736,NaN,NaN,NaN,68.5189382699222,52.1353065208242,NaN,NaN,NaN,NaN,49.7878813693765,NaN,NaN,NaN,NaN,NaN,NaN,NaN,NaN,NaN,NaN,NaN,NaN,NaN,NaN,NaN,NaN,NaN,NaN,NaN,NaN,NaN,NaN,NaN,107.103807058251
51601,NaN,NaN,NaN,NaN,68.0534385970992,NaN,NaN,NaN,NaN,NaN,NaN,NaN,NaN,NaN,NaN,NaN,NaN,65.8143637053881,NaN,NaN,NaN,68.0994121299952,53.4567159523658,NaN,NaN,NaN,NaN,49.0799897749413,NaN,NaN,NaN,NaN,NaN,NaN,NaN,NaN,NaN,NaN,NaN,NaN,NaN,NaN,NaN,NaN,NaN,NaN,NaN,NaN,NaN,NaN,124.651585124364,108.431648843369
51901,NaN,NaN,NaN,NaN,67.7084350182446,NaN,NaN,NaN,NaN,NaN,NaN,NaN,NaN,NaN,69.1423846826249,NaN,NaN,66.0226088890598,NaN,NaN,NaN,67.7059605430858,54.5709199671199,NaN,NaN,NaN,NaN,46.6483172565386,NaN,NaN,33.802418063548,NaN,NaN,NaN,NaN,NaN,NaN,NaN,NaN,NaN,NaN,NaN,NaN,NaN,NaN,NaN,NaN,NaN,NaN,NaN,125.268254388889,110.586993439503
52201,NaN,NaN,NaN,NaN,67.4353967418732,NaN,NaN,NaN,NaN,NaN,NaN,NaN,NaN,NaN,69.5380948129928,NaN,NaN,65.9049690828419,NaN,NaN,NaN,67.8758457385742,56.2598128806462,NaN,NaN,NaN,NaN,48.4096560031605,NaN,NaN,35.7071645897712,NaN,NaN,NaN,NaN,NaN,NaN,NaN,NaN,NaN,NaN,NaN,NaN,NaN,NaN,NaN,NaN,NaN,NaN,NaN,125.966159104769,113.053858916587
52501,NaN,NaN,NaN,NaN,66.9181020061773,NaN,NaN,NaN,NaN,NaN,NaN,NaN,NaN,NaN,69.9370212674119,NaN,NaN,65.6928551229573,NaN,NaN,NaN,67.8523587946599,58.2766181803491,NaN,NaN,NaN,NaN,49.1567216594942,NaN,NaN,38.1235486527811,NaN,NaN,NaN,NaN,NaN,NaN,NaN,NaN,NaN,NaN,NaN,NaN,NaN,NaN,NaN,NaN,NaN,NaN,NaN,126.50378076424,114.992616648326
52801,NaN,NaN,NaN,NaN,NaN,NaN,NaN,NaN,NaN,NaN,NaN,NaN,NaN,NaN,69.8061763351234,NaN,NaN,65.7009713540668,NaN,NaN,NaN,67.8666437547178,60.0828008747487,NaN,NaN,NaN,NaN,48.3135975395203,NaN,NaN,40.7572409305687,NaN,NaN,NaN,NaN,NaN,NaN,NaN,NaN,NaN,NaN,NaN,NaN,NaN,NaN,NaN,NaN,NaN,NaN,NaN,126.798066661181,117.572389415581
53101,NaN,NaN,NaN,NaN,NaN,NaN,NaN,NaN,NaN,NaN,NaN,NaN,NaN,NaN,68.9639064170918,NaN,NaN,65.3521473344457,NaN,NaN,NaN,67.9731244923598,62.1067647787312,NaN,NaN,NaN,NaN,48.4665990217279,NaN,NaN,43.6673522492561,NaN,NaN,NaN,NaN,NaN,NaN,NaN,NaN,NaN,NaN,NaN,NaN,NaN,NaN,NaN,NaN,NaN,NaN,NaN,126.918980891327,119.999657748544
53401,NaN,NaN,NaN,NaN,NaN,NaN,NaN,NaN,NaN,NaN,NaN,NaN,NaN,NaN,68.9473257377404,NaN,NaN,65.9638029739063,NaN,NaN,NaN,68.0786846936127,63.7815420880939,NaN,NaN,NaN,NaN,49.1102068150053,NaN,NaN,46.2449909520717,NaN,NaN,NaN,NaN,NaN,NaN,NaN,NaN,NaN,NaN,NaN,NaN,NaN,NaN,NaN,NaN,NaN,NaN,NaN,126.898326895354,121.798600912262
53701,NaN,NaN,NaN,NaN,NaN,NaN,NaN,NaN,NaN,NaN,NaN,NaN,NaN,NaN,68.1705235267165,NaN,NaN,66.2614891028496,NaN,NaN,NaN,67.7771617026436,65.245918857522,NaN,NaN,NaN,NaN,49.5696886052143,NaN,NaN,49.1004322759485,NaN,NaN,NaN,NaN,NaN,NaN,NaN,NaN,NaN,NaN,NaN,NaN,NaN,NaN,NaN,NaN,NaN,NaN,NaN,126.933377313706,122.040491932977
54001,NaN,NaN,NaN,NaN,NaN,NaN,NaN,NaN,NaN,NaN,NaN,NaN,NaN,NaN,66.8388576672347,NaN,NaN,66.2285273958637,NaN,NaN,NaN,67.0345048716528,66.1458525805088,NaN,NaN,NaN,NaN,50.1615016351349,NaN,NaN,51.7629821546561,NaN,NaN,NaN,NaN,NaN,NaN,NaN,NaN,NaN,NaN,NaN,NaN,NaN,NaN,NaN,NaN,NaN,NaN,NaN,127.551933580992,124.735350893798
54301,NaN,NaN,NaN,NaN,NaN,NaN,NaN,NaN,NaN,NaN,NaN,NaN,NaN,NaN,65.4743392457359,NaN,NaN,65.9274028115907,NaN,NaN,NaN,67.0639480097909,66.4548714140877,NaN,NaN,NaN,NaN,49.8389738734159,NaN,NaN,54.1316062704483,NaN,NaN,NaN,NaN,NaN,NaN,NaN,NaN,NaN,NaN,NaN,NaN,NaN,NaN,NaN,NaN,NaN,NaN,NaN,128.337027056563,126.849080947241
54601,NaN,NaN,NaN,NaN,NaN,NaN,NaN,NaN,NaN,NaN,NaN,NaN,NaN,NaN,64.1209171466276,NaN,NaN,65.4992436025756,NaN,NaN,NaN,67.8274747094153,67.3737109081912,NaN,NaN,NaN,NaN,49.39836149149,NaN,NaN,56.8714176626706,NaN,NaN,NaN,NaN,NaN,NaN,NaN,NaN,NaN,NaN,NaN,NaN,NaN,NaN,NaN,NaN,NaN,NaN,NaN,129.088105333892,127.759503927347
54901,NaN,NaN,NaN,NaN,NaN,NaN,NaN,NaN,NaN,NaN,NaN,NaN,NaN,NaN,63.2480899084367,NaN,NaN,65.5188441484081,NaN,NaN,NaN,68.0383135111522,68.1341856599684,NaN,NaN,NaN,NaN,48.7226425386785,NaN,NaN,59.3268808010654,NaN,NaN,NaN,NaN,NaN,NaN,NaN,NaN,NaN,NaN,NaN,NaN,NaN,NaN,NaN,NaN,NaN,NaN,NaN,129.530886524726,128.870974216913
55201,NaN,NaN,NaN,NaN,NaN,NaN,NaN,NaN,NaN,58.8684423080901,NaN,NaN,NaN,NaN,62.302710741335,NaN,NaN,66.081462473831,NaN,NaN,NaN,67.7790715363351,68.3426863653065,NaN,NaN,NaN,NaN,48.4510671509027,NaN,NaN,61.8179889008424,NaN,NaN,NaN,NaN,NaN,NaN,NaN,NaN,NaN,NaN,NaN,NaN,NaN,NaN,NaN,NaN,NaN,NaN,NaN,129.738813034351,129.712012334608
55501,NaN,NaN,NaN,NaN,NaN,NaN,NaN,NaN,NaN,59.1702002111424,NaN,NaN,NaN,NaN,61.9260467882993,NaN,NaN,66.3171535523157,NaN,NaN,NaN,67.9106969772695,68.3889114108684,NaN,NaN,NaN,NaN,47.9774911448867,NaN,NaN,63.935940421309,NaN,NaN,NaN,NaN,NaN,NaN,NaN,NaN,NaN,NaN,NaN,NaN,NaN,NaN,NaN,NaN,NaN,NaN,NaN,130.162991901715,131.153144693764
55801,NaN,NaN,NaN,NaN,NaN,NaN,NaN,NaN,NaN,NaN,NaN,NaN,NaN,NaN,62.0962508277915,NaN,NaN,65.7898866078067,NaN,NaN,NaN,67.9234069235848,68.2768230991993,45.2867785030326,NaN,NaN,NaN,47.1259289630002,NaN,NaN,65.6152794621606,NaN,NaN,NaN,NaN,NaN,NaN,NaN,NaN,NaN,NaN,NaN,NaN,NaN,NaN,NaN,NaN,NaN,NaN,NaN,130.646680618846,132.426033158423
56101,NaN,NaN,NaN,NaN,NaN,NaN,NaN,NaN,NaN,60.2309733521745,NaN,NaN,NaN,NaN,62.0092858127423,NaN,NaN,65.1497855281872,NaN,NaN,NaN,67.7332611682459,67.6341046243659,44.9479891021046,NaN,NaN,NaN,46.4436790289115,NaN,NaN,66.7996248815355,NaN,NaN,NaN,NaN,NaN,NaN,NaN,NaN,NaN,NaN,NaN,NaN,NaN,NaN,NaN,NaN,NaN,NaN,NaN,131.349156017982,133.089283317446
56401,NaN,NaN,NaN,NaN,NaN,NaN,NaN,NaN,NaN,60.0444857801385,NaN,NaN,NaN,NaN,NaN,NaN,NaN,64.8153284153081,NaN,NaN,NaN,68.1128250370939,67.5505517166047,44.9757412644901,NaN,NaN,NaN,45.6484405688365,NaN,NaN,67.6890450228693,NaN,NaN,NaN,NaN,NaN,NaN,NaN,NaN,NaN,NaN,NaN,NaN,NaN,NaN,NaN,NaN,NaN,NaN,NaN,132.062542193674,133.612346835951
56701,NaN,NaN,NaN,NaN,NaN,NaN,NaN,NaN,NaN,59.9406572994367,NaN,NaN,NaN,NaN,NaN,NaN,NaN,64.4937283973451,NaN,NaN,NaN,67.8019680869047,67.3110944871305,45.292558824829,NaN,NaN,48.61743636092,45.3859329842902,NaN,NaN,68.8457795479671,NaN,NaN,NaN,NaN,NaN,NaN,NaN,NaN,NaN,NaN,NaN,NaN,NaN,NaN,NaN,NaN,NaN,NaN,NaN,132.098801908376,133.999185377781
57001,NaN,NaN,NaN,NaN,NaN,NaN,NaN,NaN,NaN,60.07940555453,NaN,NaN,NaN,NaN,NaN,NaN,NaN,63.1825751005114,NaN,NaN,NaN,67.3277300168581,66.9669562376851,46.1204782282843,NaN,NaN,48.5531498133347,NaN,NaN,NaN,69.8245144251894,NaN,NaN,NaN,NaN,NaN,NaN,NaN,NaN,NaN,NaN,NaN,NaN,NaN,NaN,NaN,NaN,NaN,NaN,NaN,132.390121397127,133.606947791552
57301,NaN,NaN,NaN,NaN,NaN,NaN,NaN,NaN,NaN,59.8655481196044,NaN,NaN,NaN,NaN,NaN,NaN,NaN,61.5422073370897,NaN,NaN,NaN,67.3711422973646,66.6838292771007,46.5294793270832,NaN,NaN,48.7455723257275,NaN,NaN,NaN,70.116716778869,NaN,NaN,NaN,NaN,NaN,NaN,NaN,NaN,NaN,NaN,NaN,NaN,NaN,NaN,NaN,NaN,NaN,NaN,NaN,132.882292466425,132.990456913135
57601,NaN,NaN,NaN,NaN,NaN,NaN,NaN,NaN,NaN,60.3175666159495,NaN,48.177412809021,NaN,NaN,NaN,NaN,NaN,60.5543217480886,NaN,NaN,NaN,67.0195578895839,66.1614779997849,47.1548183640705,NaN,NaN,48.97396820829,NaN,NaN,NaN,70.1851109784623,NaN,NaN,NaN,NaN,NaN,NaN,NaN,NaN,NaN,NaN,NaN,NaN,NaN,NaN,NaN,NaN,NaN,NaN,NaN,133.289526148425,132.737844482825
57901,NaN,NaN,NaN,NaN,NaN,NaN,NaN,NaN,NaN,60.8844412991266,NaN,49.4440390345659,NaN,NaN,NaN,NaN,NaN,59.7627746834858,NaN,NaN,NaN,65.7916816251515,65.1577750860443,47.7352737644495,NaN,NaN,49.8014714516122,NaN,NaN,NaN,69.4018974132508,NaN,NaN,NaN,NaN,NaN,NaN,NaN,NaN,NaN,NaN,NaN,NaN,NaN,NaN,NaN,NaN,NaN,NaN,NaN,132.844378046789,132.675477522279
58201,NaN,NaN,NaN,NaN,NaN,NaN,NaN,NaN,NaN,61.4292588750393,NaN,50.1845556359887,NaN,NaN,NaN,NaN,NaN,58.6347166682897,NaN,NaN,NaN,64.5262243734551,63.9218716508126,48.081925419521,NaN,NaN,51.1083842094592,NaN,NaN,NaN,68.0720565334398,NaN,NaN,NaN,NaN,NaN,NaN,NaN,NaN,NaN,NaN,NaN,NaN,NaN,NaN,NaN,NaN,NaN,NaN,NaN,132.093104126102,132.189735159458
58501,NaN,NaN,NaN,NaN,NaN,NaN,NaN,NaN,NaN,61.4712912616441,NaN,51.4941870336386,NaN,NaN,NaN,NaN,NaN,57.4538155543946,NaN,NaN,NaN,63.4641739925763,62.6098577161265,48.2024967587533,NaN,NaN,52.2031514522868,NaN,NaN,NaN,66.7331630000666,NaN,NaN,NaN,NaN,NaN,NaN,NaN,NaN,NaN,NaN,NaN,NaN,NaN,NaN,NaN,NaN,NaN,NaN,NaN,131.622832516676,131.866394850507
58801,NaN,NaN,NaN,NaN,NaN,NaN,NaN,NaN,NaN,60.8133539126852,NaN,52.8987339826458,NaN,NaN,NaN,NaN,NaN,56.8882589038725,NaN,NaN,NaN,62.5554204621328,61.5933318774373,48.4054414655161,NaN,NaN,52.7861131456997,NaN,NaN,NaN,64.9180994379933,NaN,NaN,NaN,NaN,NaN,NaN,NaN,NaN,NaN,NaN,NaN,NaN,NaN,NaN,NaN,NaN,NaN,NaN,NaN,131.237355891125,131.508863739917
59101,NaN,NaN,NaN,NaN,NaN,NaN,NaN,NaN,NaN,60.6647453880822,NaN,54.1104861176923,NaN,NaN,NaN,NaN,NaN,55.9878855910297,NaN,NaN,NaN,62.1528044933284,NaN,48.6504107090514,NaN,NaN,53.0970032044235,NaN,NaN,NaN,63.7816062994617,NaN,NaN,NaN,NaN,NaN,NaN,NaN,NaN,NaN,NaN,NaN,NaN,NaN,NaN,NaN,NaN,NaN,NaN,NaN,131.178805176897,130.790897570976
59401,NaN,NaN,NaN,NaN,NaN,NaN,NaN,NaN,NaN,60.5786753403117,NaN,54.8697710218259,NaN,NaN,NaN,NaN,NaN,54.5613227721386,NaN,NaN,NaN,61.3054741328143,59.5736949608235,48.2776105762066,NaN,NaN,52.7190166010621,NaN,NaN,NaN,63.1256340803292,NaN,NaN,NaN,NaN,NaN,NaN,NaN,NaN,NaN,NaN,NaN,NaN,NaN,NaN,NaN,NaN,NaN,NaN,NaN,131.364428113621,130.020277053228
59701,NaN,NaN,NaN,NaN,NaN,NaN,NaN,NaN,NaN,60.3682434098663,NaN,55.4106962789754,NaN,NaN,NaN,NaN,NaN,53.1394909554076,NaN,NaN,NaN,60.2637434474331,59.073905990953,48.1575915967124,NaN,NaN,52.2100541527161,NaN,NaN,NaN,62.3144818019189,NaN,NaN,NaN,NaN,NaN,NaN,NaN,NaN,NaN,NaN,NaN,NaN,NaN,NaN,NaN,NaN,NaN,NaN,NaN,131.771278214689,129.450565717387
60001,NaN,NaN,NaN,NaN,NaN,NaN,NaN,NaN,NaN,59.9499419661142,NaN,55.5354353309875,NaN,NaN,NaN,NaN,NaN,51.9534558182962,NaN,NaN,NaN,59.9383027628373,58.137997562599,48.1194083192892,NaN,NaN,51.9023865367564,NaN,NaN,NaN,61.2359059566537,NaN,NaN,NaN,NaN,NaN,NaN,NaN,NaN,NaN,NaN,NaN,NaN,NaN,NaN,NaN,NaN,NaN,NaN,NaN,131.496409210642,128.908230118357
60301,NaN,NaN,NaN,NaN,NaN,NaN,NaN,NaN,NaN,59.1613953059391,NaN,55.7342372940036,NaN,NaN,NaN,NaN,NaN,50.3316762843289,NaN,NaN,NaN,59.105472167239,56.8815110111995,48.3294907278825,NaN,NaN,51.8349242825089,NaN,NaN,NaN,60.1873883910949,NaN,NaN,NaN,NaN,NaN,NaN,NaN,NaN,NaN,NaN,NaN,NaN,NaN,NaN,NaN,NaN,NaN,NaN,NaN,131.460106900618,128.147248813337
60601,NaN,NaN,NaN,NaN,NaN,NaN,NaN,NaN,NaN,58.5883036528328,NaN,55.6943150883385,NaN,NaN,NaN,NaN,NaN,48.5472837087111,NaN,NaN,NaN,58.079943227636,55.5071278080455,48.2226947862089,NaN,NaN,51.2687939107247,NaN,NaN,44.2054068869875,58.9858336128633,NaN,NaN,NaN,NaN,NaN,NaN,NaN,NaN,NaN,NaN,NaN,NaN,NaN,NaN,NaN,NaN,NaN,NaN,NaN,131.691062097321,127.357627753572
60901,NaN,NaN,NaN,NaN,NaN,NaN,NaN,NaN,NaN,58.0235195862839,NaN,55.6878230027246,NaN,NaN,NaN,NaN,NaN,46.7024697088048,NaN,NaN,NaN,56.9250167646828,NaN,48.0651115407507,NaN,NaN,50.4701200877077,NaN,NaN,43.2015453729762,58.4428663215743,NaN,NaN,NaN,NaN,NaN,NaN,NaN,NaN,NaN,NaN,NaN,NaN,NaN,NaN,NaN,NaN,NaN,NaN,NaN,131.891481201347,126.328009929872
61201,NaN,NaN,NaN,NaN,NaN,NaN,NaN,NaN,NaN,57.7034929367894,NaN,55.2288434410477,NaN,NaN,NaN,NaN,NaN,45.2089582146762,NaN,NaN,NaN,55.5750153466126,NaN,48.120598561157,NaN,NaN,50.0017628181469,NaN,NaN,42.3860520189593,58.5157761314619,NaN,NaN,NaN,NaN,NaN,NaN,NaN,NaN,NaN,NaN,NaN,NaN,NaN,NaN,NaN,NaN,NaN,NaN,NaN,132.033595316758,125.387960946404
61501,NaN,NaN,NaN,NaN,NaN,NaN,NaN,NaN,NaN,57.248279083531,NaN,54.4675210999537,NaN,NaN,NaN,NaN,NaN,43.7735690625676,NaN,NaN,NaN,54.0609877901328,NaN,47.7671191889459,NaN,NaN,49.4275203081502,NaN,NaN,42.3999430665241,57.8851835485606,NaN,NaN,NaN,NaN,NaN,NaN,NaN,NaN,NaN,NaN,NaN,NaN,NaN,NaN,NaN,NaN,NaN,NaN,NaN,132.280730602639,124.103684899529
61801,NaN,NaN,NaN,NaN,NaN,NaN,NaN,NaN,NaN,56.6955708270766,NaN,53.6786393725399,NaN,NaN,NaN,NaN,NaN,42.2311130919389,NaN,NaN,NaN,53.112548185634,NaN,47.7262117078813,NaN,NaN,49.0630076459022,NaN,NaN,42.2161627253978,57.050489489646,NaN,NaN,NaN,NaN,NaN,NaN,NaN,NaN,NaN,NaN,NaN,NaN,NaN,NaN,NaN,NaN,NaN,NaN,NaN,131.357358389268,122.692165777145
62101,NaN,NaN,NaN,NaN,NaN,NaN,NaN,NaN,NaN,56.9798862646003,NaN,52.7320532237476,NaN,NaN,NaN,NaN,NaN,40.4466810671261,NaN,NaN,NaN,51.8393373897422,NaN,47.3077176722714,NaN,NaN,48.6937206612771,NaN,NaN,41.9793654519659,56.7223804838512,NaN,NaN,NaN,NaN,NaN,NaN,NaN,NaN,NaN,NaN,NaN,NaN,NaN,NaN,NaN,NaN,NaN,NaN,NaN,129.855702371239,120.810307036945
62401,NaN,NaN,NaN,NaN,NaN,NaN,NaN,NaN,NaN,54.8932537315973,NaN,51.754453933713,NaN,NaN,NaN,NaN,NaN,38.9205339904957,NaN,NaN,NaN,49.1827942784178,NaN,46.7226709519972,NaN,NaN,48.2252286798312,NaN,NaN,42.3262098262445,56.3388786742386,NaN,NaN,NaN,NaN,NaN,NaN,NaN,NaN,NaN,NaN,NaN,NaN,NaN,NaN,NaN,NaN,NaN,NaN,NaN,129.494985206997,119.392158768614
62701,NaN,NaN,NaN,NaN,NaN,NaN,NaN,NaN,NaN,52.4012715277709,NaN,50.7240838137518,NaN,NaN,NaN,NaN,NaN,37.4863762684997,NaN,NaN,NaN,47.0207828172304,NaN,45.9233080888926,NaN,NaN,47.0367318513794,NaN,NaN,42.41358467696,55.4767367459264,NaN,NaN,NaN,NaN,NaN,NaN,NaN,NaN,NaN,NaN,NaN,NaN,NaN,NaN,NaN,NaN,NaN,NaN,NaN,129.012927332036,117.747202995806
63001,NaN,NaN,NaN,NaN,NaN,NaN,NaN,NaN,NaN,50.8726831764796,NaN,49.7638498391095,NaN,NaN,NaN,NaN,NaN,35.6746584902089,NaN,NaN,NaN,45.0051897518306,NaN,45.1872828565263,NaN,NaN,45.8865594957089,NaN,NaN,42.0024143992632,54.5765408347673,NaN,NaN,NaN,NaN,NaN,NaN,NaN,NaN,NaN,NaN,NaN,NaN,NaN,NaN,NaN,NaN,NaN,NaN,NaN,127.357021227161,115.944337363217
63301,NaN,NaN,NaN,NaN,NaN,NaN,NaN,NaN,NaN,48.5727373320958,NaN,48.5083501866213,NaN,NaN,NaN,NaN,NaN,33.588638223965,NaN,NaN,NaN,42.8708738614947,NaN,43.9530632526529,NaN,NaN,44.7573074113777,NaN,NaN,41.4858733894988,53.4630665315791,NaN,NaN,NaN,NaN,NaN,NaN,NaN,NaN,NaN,NaN,NaN,NaN,NaN,NaN,NaN,NaN,NaN,NaN,NaN,125.674132392845,114.056866426937
63601,NaN,NaN,NaN,NaN,NaN,NaN,NaN,NaN,NaN,46.327424500433,NaN,47.1722132832773,NaN,NaN,NaN,NaN,NaN,31.8055885889155,NaN,NaN,NaN,40.7676546294469,NaN,42.889409224411,NaN,NaN,43.3046626021704,NaN,NaN,40.616767915771,51.861207572827,NaN,NaN,NaN,NaN,NaN,NaN,NaN,NaN,NaN,NaN,NaN,NaN,NaN,NaN,NaN,NaN,NaN,NaN,NaN,124.173614308535,111.985964490478
63901,NaN,NaN,NaN,NaN,NaN,NaN,NaN,NaN,NaN,43.4663117784169,NaN,45.4738657084658,NaN,NaN,NaN,NaN,NaN,30.1420460906402,NaN,NaN,NaN,39.2993363040556,NaN,41.7937801145147,NaN,NaN,41.9227742365364,NaN,NaN,39.7484591133731,50.0172861576294,NaN,NaN,NaN,NaN,NaN,NaN,NaN,NaN,NaN,NaN,NaN,NaN,NaN,NaN,NaN,NaN,NaN,NaN,NaN,123.132503829093,109.908898229502
64201,NaN,NaN,NaN,NaN,NaN,NaN,NaN,NaN,NaN,41.8227978669203,NaN,43.963695248606,NaN,NaN,NaN,NaN,NaN,28.4300508587147,NaN,NaN,NaN,38.359456622509,NaN,40.6888222139074,NaN,NaN,40.5731713694287,NaN,NaN,38.3702241757774,48.186795628518,NaN,NaN,NaN,NaN,NaN,NaN,NaN,NaN,NaN,NaN,NaN,NaN,NaN,NaN,NaN,NaN,NaN,NaN,NaN,121.842002900739,107.859617357511
64501,NaN,NaN,NaN,NaN,NaN,NaN,NaN,NaN,NaN,39.4853408409878,NaN,42.4735978508844,NaN,NaN,NaN,NaN,NaN,26.9815610152689,NaN,NaN,NaN,36.8150259711989,NaN,39.557379051082,NaN,NaN,38.5287485591781,NaN,NaN,37.1581435692597,45.5243099517106,NaN,NaN,NaN,NaN,NaN,NaN,NaN,NaN,NaN,NaN,NaN,NaN,NaN,NaN,NaN,NaN,NaN,NaN,NaN,120.543855451769,105.503160665371
64801,NaN,NaN,NaN,NaN,NaN,NaN,NaN,NaN,NaN,37.4378329788324,NaN,40.9821661137984,NaN,NaN,NaN,NaN,NaN,25.762440407509,NaN,NaN,NaN,34.9843202061151,NaN,38.527906165396,NaN,NaN,36.8868223937774,NaN,NaN,36.2641131189766,42.2744982463185,NaN,NaN,NaN,NaN,NaN,NaN,NaN,NaN,NaN,NaN,NaN,NaN,NaN,NaN,NaN,NaN,NaN,NaN,NaN,119.01937363037,102.931055534534
65101,NaN,NaN,NaN,NaN,NaN,NaN,NaN,NaN,NaN,35.6617146169865,NaN,NaN,NaN,NaN,NaN,NaN,NaN,NaN,NaN,NaN,NaN,33.2880445940859,NaN,37.2222830017335,25.9180048429652,NaN,35.9696949168893,NaN,NaN,35.2611075446083,38.9598468291132,NaN,NaN,NaN,NaN,NaN,NaN,NaN,NaN,NaN,NaN,NaN,NaN,NaN,NaN,NaN,NaN,NaN,NaN,NaN,118.063838264226,100.537155242973
65401,NaN,NaN,NaN,NaN,NaN,NaN,NaN,NaN,NaN,34.338083751663,NaN,NaN,NaN,NaN,NaN,NaN,NaN,NaN,NaN,NaN,NaN,31.4514172295671,NaN,35.8636348292425,25.8523921493299,NaN,34.7610400056864,NaN,NaN,34.2942894338052,36.9050107185056,NaN,NaN,NaN,NaN,NaN,NaN,NaN,NaN,NaN,NaN,NaN,NaN,NaN,NaN,NaN,NaN,NaN,NaN,NaN,117.336439988253,98.8096012323982
65701,NaN,NaN,NaN,NaN,NaN,NaN,NaN,NaN,NaN,32.9330085540467,NaN,NaN,NaN,NaN,NaN,NaN,NaN,NaN,NaN,NaN,NaN,29.838645464924,NaN,34.4662398769815,25.7752374571585,NaN,33.517082726358,NaN,NaN,33.2872202445352,34.9607407982527,NaN,NaN,NaN,NaN,NaN,NaN,NaN,NaN,NaN,NaN,NaN,NaN,NaN,NaN,NaN,NaN,NaN,NaN,NaN,116.458543563434,97.3297918579938
66001,NaN,NaN,NaN,NaN,NaN,NaN,NaN,NaN,NaN,31.3569800676873,NaN,NaN,NaN,NaN,NaN,NaN,NaN,NaN,NaN,NaN,NaN,28.2900581579924,NaN,32.7791579308653,25.52912854059,NaN,32.1108936338507,NaN,NaN,32.2928879176685,32.9722461681136,NaN,NaN,NaN,NaN,NaN,NaN,NaN,NaN,NaN,NaN,NaN,NaN,NaN,NaN,NaN,NaN,NaN,NaN,NaN,115.197919295431,95.499649695088
66301,NaN,NaN,NaN,NaN,NaN,NaN,NaN,NaN,NaN,29.5521817426471,NaN,NaN,NaN,NaN,NaN,NaN,NaN,NaN,NaN,NaN,NaN,26.9717722686791,NaN,31.2283126766466,25.5433360080403,NaN,30.4854158535203,NaN,NaN,31.122148434949,31.5558729998834,NaN,NaN,NaN,NaN,NaN,NaN,NaN,NaN,NaN,NaN,NaN,NaN,NaN,NaN,NaN,NaN,NaN,NaN,NaN,113.892920325625,93.2312449011171
66601,NaN,NaN,NaN,NaN,NaN,NaN,NaN,NaN,NaN,27.6451548986999,NaN,NaN,NaN,NaN,NaN,NaN,NaN,NaN,NaN,NaN,NaN,25.8642929643223,NaN,29.5407149176276,25.2639969177193,NaN,28.9993791008091,NaN,NaN,29.444990004161,29.6701234903395,NaN,NaN,NaN,NaN,NaN,NaN,NaN,NaN,NaN,NaN,NaN,NaN,NaN,NaN,NaN,NaN,NaN,NaN,NaN,112.406011418912,90.9282574120199
66901,NaN,NaN,NaN,NaN,NaN,NaN,NaN,NaN,NaN,25.827314423396,NaN,NaN,NaN,NaN,NaN,NaN,NaN,NaN,NaN,NaN,NaN,24.9466956241643,NaN,27.8481842420748,24.7436232438591,NaN,28.0181876816615,NaN,NaN,27.784270675177,28.0826544675052,NaN,NaN,NaN,NaN,NaN,NaN,NaN,NaN,NaN,NaN,NaN,NaN,NaN,NaN,NaN,NaN,NaN,NaN,NaN,110.812968224954,88.8990171001708
67201,NaN,NaN,NaN,NaN,NaN,NaN,NaN,NaN,NaN,NaN,NaN,NaN,NaN,NaN,NaN,NaN,NaN,NaN,NaN,NaN,NaN,24.0548664220352,NaN,26.2403847553673,23.9844359291442,NaN,26.5664387087383,NaN,NaN,26.3188042838503,26.665687687728,NaN,NaN,NaN,NaN,NaN,NaN,NaN,NaN,NaN,NaN,NaN,NaN,NaN,NaN,NaN,NaN,NaN,NaN,NaN,109.725459551278,87.1237110090571
67501,NaN,38.8409714808468,NaN,NaN,NaN,NaN,NaN,NaN,NaN,23.0753348372574,NaN,NaN,NaN,NaN,NaN,NaN,NaN,NaN,NaN,NaN,NaN,23.2584253000978,NaN,24.9285653760296,23.5641923956713,NaN,24.7032323506567,NaN,NaN,24.8532472784498,24.9145549875911,NaN,NaN,NaN,NaN,NaN,NaN,NaN,NaN,NaN,NaN,NaN,NaN,NaN,NaN,NaN,NaN,NaN,NaN,NaN,108.528882852578,85.1797691652525
67801,NaN,39.0743703655012,NaN,NaN,NaN,NaN,NaN,NaN,NaN,22.1599137120672,NaN,NaN,NaN,NaN,NaN,NaN,NaN,NaN,NaN,NaN,NaN,22.4782898852861,NaN,23.7655177330093,22.9575353743642,NaN,23.4032114985399,NaN,NaN,23.3468908256468,23.1722526610703,NaN,NaN,NaN,NaN,NaN,NaN,NaN,NaN,NaN,NaN,NaN,NaN,NaN,NaN,NaN,NaN,NaN,NaN,NaN,107.531427249616,83.301941282052
68101,NaN,37.830154739311,NaN,NaN,NaN,NaN,NaN,NaN,NaN,21.1909921322394,NaN,NaN,NaN,NaN,NaN,NaN,NaN,NaN,NaN,NaN,NaN,21.7026681638584,NaN,22.7309368571551,21.8227606683924,NaN,22.2723626967442,NaN,NaN,21.928392618757,21.7927549147661,NaN,NaN,NaN,NaN,NaN,NaN,NaN,NaN,NaN,NaN,NaN,NaN,NaN,NaN,NaN,NaN,NaN,NaN,NaN,106.584854717418,81.5243806423019
68401,NaN,35.4504780894838,NaN,NaN,NaN,NaN,NaN,NaN,NaN,20.1609009775167,NaN,NaN,NaN,NaN,NaN,NaN,NaN,NaN,NaN,NaN,NaN,21.1157768473418,NaN,21.8399003418666,21.0717217173822,NaN,21.1158573985018,NaN,NaN,20.6085660537478,20.4314119274849,NaN,NaN,NaN,NaN,NaN,NaN,NaN,NaN,NaN,NaN,NaN,NaN,NaN,NaN,NaN,NaN,NaN,NaN,NaN,105.394382225002,79.9871466593403
68701,NaN,33.5448296962328,NaN,NaN,NaN,NaN,NaN,NaN,NaN,19.0909093137492,NaN,NaN,NaN,NaN,NaN,23.0017434525076,NaN,NaN,NaN,NaN,NaN,20.778061080703,NaN,20.9670562620189,20.0310204592547,NaN,19.9977791784132,NaN,NaN,19.4855682779835,19.6799015424295,NaN,NaN,NaN,NaN,NaN,NaN,NaN,NaN,NaN,NaN,NaN,NaN,NaN,NaN,NaN,NaN,NaN,NaN,NaN,104.420885466612,78.6504311571995
69001,NaN,31.9208430982745,NaN,NaN,NaN,NaN,NaN,NaN,NaN,18.0934601143213,NaN,NaN,NaN,NaN,NaN,23.0179238578483,NaN,NaN,NaN,NaN,NaN,20.4513483082623,NaN,20.2267080684117,18.9671505184538,NaN,18.9169915665885,NaN,NaN,18.1306693213576,18.7855397449762,NaN,NaN,NaN,NaN,NaN,NaN,NaN,NaN,NaN,NaN,NaN,NaN,NaN,NaN,NaN,NaN,NaN,NaN,NaN,103.444744249458,77.0951660744134
69301,NaN,30.2849022797751,NaN,NaN,NaN,NaN,NaN,NaN,NaN,17.3922749347455,NaN,NaN,NaN,NaN,NaN,22.2619134826932,NaN,NaN,NaN,NaN,NaN,20.3252867361472,NaN,19.532511362411,18.3393977129399,NaN,17.9237324823034,NaN,NaN,16.8698863006276,17.9850089909529,NaN,NaN,NaN,NaN,NaN,NaN,NaN,NaN,NaN,NaN,NaN,NaN,NaN,NaN,NaN,NaN,NaN,NaN,NaN,102.512095121675,75.6917693281711
69601,NaN,28.4602539672602,NaN,NaN,NaN,NaN,NaN,NaN,NaN,16.7778475334977,NaN,NaN,NaN,NaN,NaN,21.5769093621762,NaN,NaN,NaN,NaN,NaN,20.1846720494188,NaN,18.8152038792117,17.1497698423148,NaN,16.8467643308928,NaN,NaN,15.8684711393034,16.8808745065795,NaN,NaN,NaN,NaN,NaN,NaN,NaN,NaN,NaN,NaN,NaN,NaN,NaN,NaN,NaN,NaN,NaN,NaN,NaN,101.68963225224,74.1414773018959
69901,NaN,26.1441921858385,NaN,NaN,NaN,NaN,NaN,NaN,NaN,16.0618388365392,NaN,NaN,NaN,NaN,NaN,20.7475769312671,NaN,NaN,NaN,NaN,NaN,20.1324457650291,NaN,18.1672587006487,16.2522184619992,NaN,15.9231266945814,NaN,NaN,15.0579986312253,15.883492706209,NaN,NaN,NaN,NaN,NaN,NaN,NaN,NaN,NaN,NaN,NaN,NaN,NaN,NaN,NaN,NaN,NaN,NaN,NaN,100.736103024356,72.7089077585442
70201,NaN,24.1324099811999,NaN,NaN,NaN,NaN,NaN,NaN,NaN,15.5057180395234,NaN,NaN,NaN,NaN,NaN,19.7861108201872,NaN,NaN,NaN,NaN,NaN,20.0539609446065,NaN,17.5761585976755,15.2667408548943,NaN,15.2544136926363,NaN,NaN,14.2336229278893,14.9217733883208,NaN,NaN,NaN,NaN,NaN,NaN,NaN,NaN,NaN,NaN,NaN,NaN,NaN,NaN,NaN,NaN,NaN,NaN,NaN,99.7191769774771,71.5040977244105
70501,NaN,23.2042583294588,NaN,NaN,NaN,NaN,NaN,NaN,NaN,15.0051644573586,NaN,NaN,NaN,NaN,NaN,18.5287617704964,NaN,NaN,NaN,NaN,NaN,NaN,NaN,17.0306373039943,14.3716094056128,NaN,14.6422559580653,NaN,NaN,13.4563480031355,14.2628838313984,NaN,NaN,NaN,NaN,NaN,NaN,NaN,NaN,NaN,NaN,NaN,NaN,NaN,NaN,NaN,NaN,NaN,NaN,NaN,98.891783525072,70.3158640980076
70801,NaN,NaN,NaN,NaN,NaN,NaN,NaN,NaN,NaN,14.3598339941456,NaN,NaN,NaN,NaN,NaN,17.2779639950002,NaN,NaN,NaN,NaN,NaN,NaN,NaN,16.4605637396556,13.3698712497451,NaN,14.0028590844243,NaN,NaN,12.8374930823646,13.719947344349,NaN,NaN,NaN,NaN,NaN,NaN,NaN,NaN,NaN,NaN,NaN,NaN,NaN,NaN,NaN,NaN,NaN,NaN,NaN,98.0396767360685,69.1699551703207
71101,NaN,NaN,NaN,NaN,NaN,NaN,NaN,NaN,NaN,13.9422846686029,NaN,NaN,NaN,NaN,NaN,16.1399563454338,NaN,NaN,NaN,NaN,NaN,NaN,NaN,15.8988884429443,12.6247965867272,NaN,13.3892839797561,NaN,NaN,12.4841880904966,13.2026514786596,NaN,NaN,NaN,NaN,NaN,NaN,NaN,NaN,NaN,NaN,NaN,NaN,NaN,NaN,NaN,NaN,NaN,NaN,NaN,97.1362545874991,68.1584544309196
71401,NaN,NaN,NaN,NaN,NaN,NaN,NaN,NaN,NaN,13.4239278459483,NaN,NaN,NaN,NaN,NaN,14.7778994580258,NaN,NaN,NaN,NaN,NaN,NaN,NaN,NaN,11.8393308257236,NaN,12.7905411448897,NaN,NaN,12.031247212625,12.501789887568,NaN,NaN,NaN,NaN,NaN,NaN,NaN,NaN,NaN,NaN,NaN,NaN,NaN,NaN,NaN,NaN,NaN,NaN,NaN,96.1559333370333,67.2259704047274
71701,NaN,NaN,NaN,NaN,NaN,NaN,NaN,NaN,NaN,12.9185224916695,NaN,NaN,NaN,NaN,NaN,13.6156891860795,NaN,NaN,NaN,NaN,NaN,NaN,NaN,NaN,11.1841077372635,NaN,12.4380373806857,NaN,NaN,11.4434197445799,11.9459924561288,NaN,NaN,NaN,NaN,NaN,NaN,NaN,NaN,NaN,NaN,NaN,NaN,NaN,NaN,NaN,NaN,NaN,NaN,NaN,95.1415120915165,66.4008191050784
72001,NaN,NaN,NaN,NaN,NaN,NaN,NaN,NaN,NaN,12.3943377849058,NaN,NaN,NaN,NaN,NaN,12.7600095447861,NaN,NaN,NaN,NaN,NaN,NaN,NaN,NaN,10.5377506567707,NaN,12.0537505150355,NaN,NaN,10.8876321232279,11.324742747251,NaN,NaN,NaN,NaN,NaN,NaN,NaN,NaN,NaN,NaN,NaN,NaN,NaN,NaN,NaN,NaN,NaN,NaN,NaN,94.2308561106403,65.5105223054422
72301,NaN,NaN,NaN,NaN,NaN,NaN,NaN,NaN,NaN,11.9521243404296,NaN,NaN,NaN,NaN,NaN,11.6467034418578,NaN,NaN,NaN,NaN,NaN,NaN,NaN,NaN,9.92903317583938,NaN,11.6375398693058,NaN,NaN,10.4835243775525,10.8853455179491,NaN,NaN,NaN,NaN,NaN,NaN,NaN,NaN,NaN,NaN,NaN,NaN,NaN,NaN,NaN,NaN,NaN,NaN,NaN,93.2625413384229,64.5765066060003
72601,NaN,NaN,13.6359870587258,NaN,NaN,NaN,NaN,NaN,NaN,11.4771516661086,NaN,NaN,NaN,NaN,NaN,10.8908610337465,NaN,NaN,NaN,NaN,NaN,NaN,NaN,NaN,9.29939694818904,NaN,11.079626017722,NaN,NaN,10.0158153081194,10.3832741781499,NaN,NaN,NaN,NaN,NaN,NaN,NaN,NaN,NaN,NaN,NaN,NaN,NaN,NaN,NaN,NaN,NaN,NaN,NaN,92.0864272530808,63.5793087103165
72901,NaN,NaN,12.7299559208138,NaN,NaN,NaN,NaN,NaN,NaN,11.0406130572213,NaN,NaN,NaN,NaN,NaN,10.2546743542518,NaN,NaN,NaN,NaN,NaN,NaN,NaN,NaN,8.78039292599674,NaN,10.5171858134862,NaN,NaN,9.37430669698862,9.92013913071817,NaN,NaN,NaN,NaN,NaN,NaN,NaN,NaN,NaN,NaN,NaN,NaN,NaN,NaN,NaN,NaN,NaN,NaN,NaN,90.9323059788123,62.703047945984
73201,NaN,NaN,12.3755618054408,NaN,NaN,NaN,NaN,NaN,NaN,10.5551332949552,NaN,NaN,NaN,NaN,NaN,9.37455984104374,NaN,NaN,NaN,NaN,NaN,NaN,NaN,NaN,8.40615585600135,NaN,10.1447238231062,NaN,NaN,8.89753167062018,9.56239564116004,NaN,NaN,NaN,NaN,NaN,NaN,NaN,NaN,NaN,NaN,NaN,NaN,NaN,NaN,NaN,NaN,NaN,NaN,NaN,89.8274863556791,62.0030721981119
73501,NaN,NaN,11.9104001736872,NaN,NaN,NaN,NaN,NaN,NaN,10.1502226992619,NaN,NaN,NaN,NaN,NaN,8.65683307462845,NaN,NaN,NaN,NaN,NaN,NaN,NaN,NaN,7.80224372733355,NaN,9.74774990738154,NaN,NaN,8.49023066944594,9.1607995510433,NaN,NaN,NaN,NaN,NaN,NaN,NaN,NaN,NaN,NaN,NaN,NaN,NaN,NaN,NaN,NaN,NaN,NaN,NaN,88.6917886929208,61.1737257985384
73801,NaN,NaN,10.9475966070305,NaN,NaN,NaN,NaN,NaN,NaN,9.71821646591469,NaN,NaN,NaN,NaN,NaN,8.0360543033185,NaN,NaN,NaN,NaN,NaN,NaN,NaN,NaN,7.39030214449574,NaN,9.26253728335023,NaN,NaN,7.78669610057832,8.75894458044023,NaN,NaN,NaN,NaN,NaN,NaN,NaN,NaN,NaN,NaN,NaN,NaN,NaN,NaN,NaN,NaN,NaN,NaN,NaN,87.5208565984998,60.018874117478
74101,NaN,NaN,10.6875345468971,NaN,NaN,NaN,NaN,NaN,NaN,9.37191555758271,NaN,NaN,NaN,NaN,NaN,7.35026065795802,NaN,NaN,NaN,NaN,NaN,NaN,NaN,NaN,6.82347903430484,NaN,8.55986270100131,NaN,NaN,6.92862642256443,8.40697645151625,NaN,NaN,NaN,NaN,NaN,NaN,NaN,NaN,NaN,NaN,NaN,NaN,NaN,NaN,NaN,NaN,NaN,NaN,NaN,86.2846213286517,58.9897916896292
74401,NaN,NaN,10.4876184138084,NaN,NaN,NaN,NaN,NaN,NaN,8.98357671503782,NaN,NaN,NaN,NaN,NaN,6.93822170732338,NaN,NaN,NaN,NaN,NaN,NaN,NaN,NaN,6.41771659768878,NaN,7.84024870747015,NaN,NaN,6.22888091828804,8.01038295009882,NaN,NaN,NaN,NaN,NaN,NaN,NaN,NaN,NaN,NaN,NaN,NaN,NaN,NaN,NaN,NaN,NaN,NaN,NaN,85.0544672176308,NaN
74701,NaN,NaN,9.23507752280137,NaN,NaN,NaN,NaN,NaN,NaN,8.48998756376065,NaN,NaN,NaN,NaN,NaN,6.35184413375133,NaN,NaN,NaN,NaN,NaN,NaN,NaN,NaN,5.93148961374383,9.80864621538217,7.16895190703402,NaN,NaN,5.58231391622254,7.62201225189053,NaN,NaN,NaN,NaN,NaN,NaN,NaN,NaN,NaN,NaN,NaN,NaN,NaN,NaN,NaN,NaN,NaN,NaN,NaN,83.8809611608595,NaN
75001,NaN,NaN,8.3921219894499,NaN,NaN,NaN,NaN,NaN,NaN,8.03517306162812,NaN,NaN,NaN,NaN,NaN,5.99446905291963,NaN,NaN,NaN,NaN,NaN,NaN,NaN,NaN,5.48454398827687,8.81209836373355,6.75500618829804,NaN,NaN,4.93617736446813,7.37677692821373,NaN,NaN,NaN,NaN,NaN,NaN,NaN,NaN,NaN,NaN,NaN,NaN,NaN,NaN,NaN,NaN,NaN,NaN,NaN,82.7530296886962,NaN
75301,NaN,NaN,7.59005381618778,NaN,NaN,NaN,NaN,NaN,NaN,7.49173415293087,NaN,NaN,NaN,NaN,NaN,5.4686206661466,NaN,NaN,NaN,NaN,NaN,NaN,NaN,NaN,5.15299947160481,7.76088088025274,6.39762142825137,NaN,NaN,4.4657826778332,7.10487527415845,NaN,NaN,NaN,NaN,NaN,NaN,NaN,NaN,NaN,NaN,NaN,NaN,NaN,NaN,NaN,NaN,NaN,NaN,NaN,81.3967623905085,NaN
75601,NaN,NaN,7.01688548512008,NaN,NaN,NaN,NaN,NaN,NaN,6.91545617285592,NaN,NaN,NaN,NaN,NaN,5.00116488662615,NaN,NaN,NaN,NaN,NaN,NaN,NaN,NaN,4.92223500606412,6.82992548229421,6.1283873559384,NaN,NaN,4.22532384615714,6.83049747545882,NaN,NaN,NaN,NaN,NaN,NaN,NaN,NaN,NaN,NaN,NaN,NaN,NaN,NaN,NaN,NaN,NaN,NaN,NaN,80.0456071127034,NaN
75901,NaN,NaN,6.59227077527254,NaN,NaN,NaN,NaN,NaN,NaN,6.4200661487086,NaN,NaN,NaN,NaN,NaN,4.65027640908478,NaN,NaN,NaN,NaN,NaN,NaN,NaN,NaN,4.5472797069962,6.16632263012014,5.78548567986694,NaN,NaN,4.01552748682369,6.59341468488272,NaN,NaN,NaN,NaN,NaN,NaN,NaN,NaN,NaN,NaN,NaN,NaN,NaN,NaN,NaN,NaN,NaN,NaN,NaN,78.7382145572688,NaN
76201,NaN,NaN,6.39048395892396,NaN,NaN,NaN,NaN,NaN,NaN,NaN,NaN,NaN,NaN,NaN,NaN,4.23419640037395,NaN,NaN,NaN,NaN,NaN,NaN,NaN,NaN,4.22438801791812,5.45380013113131,5.52189779059666,NaN,NaN,3.77629663008307,6.26018676134811,NaN,NaN,32.1483524758002,NaN,NaN,NaN,NaN,NaN,NaN,NaN,NaN,NaN,NaN,NaN,NaN,NaN,NaN,NaN,NaN,77.3688386935008,NaN
76501,NaN,NaN,6.04721773379494,NaN,NaN,NaN,NaN,NaN,NaN,NaN,NaN,NaN,NaN,NaN,NaN,3.85295314970866,NaN,NaN,NaN,NaN,NaN,NaN,NaN,NaN,3.97433161826206,5.04102906951243,5.35472335724366,NaN,NaN,3.59369717501703,5.8965060875257,NaN,NaN,32.6534582011475,NaN,NaN,NaN,NaN,NaN,NaN,NaN,NaN,NaN,NaN,NaN,NaN,NaN,NaN,NaN,NaN,75.8263809997634,NaN
76801,NaN,NaN,5.65272187885784,NaN,NaN,NaN,NaN,NaN,NaN,NaN,NaN,NaN,NaN,NaN,NaN,3.22943043276193,NaN,NaN,NaN,NaN,NaN,NaN,NaN,NaN,3.55422670020745,4.48686983885232,5.16466547323983,NaN,NaN,3.52142558962151,5.52160410670551,NaN,NaN,33.0277019870214,NaN,NaN,NaN,NaN,NaN,NaN,NaN,NaN,NaN,NaN,NaN,NaN,NaN,NaN,NaN,NaN,74.3092389066053,NaN
77101,NaN,NaN,5.24552982583807,NaN,NaN,NaN,NaN,NaN,NaN,NaN,NaN,NaN,NaN,NaN,NaN,2.85768895863714,NaN,NaN,NaN,NaN,NaN,NaN,NaN,NaN,3.21737083086743,3.88819746482845,4.95118549689535,NaN,NaN,3.33546967319315,5.11443874485098,NaN,NaN,33.421602933018,NaN,NaN,NaN,NaN,NaN,NaN,NaN,NaN,NaN,NaN,NaN,NaN,NaN,NaN,NaN,NaN,72.8365358209311,NaN
77401,NaN,NaN,4.87666541694872,NaN,NaN,NaN,NaN,NaN,NaN,NaN,NaN,NaN,NaN,NaN,NaN,2.43177859298428,NaN,NaN,NaN,NaN,NaN,NaN,NaN,NaN,2.85827775872129,3.57322995795054,4.85429205058621,NaN,NaN,3.03595616106352,4.72140737203179,NaN,NaN,33.650987107009,NaN,NaN,NaN,NaN,NaN,NaN,NaN,NaN,NaN,NaN,NaN,NaN,NaN,NaN,NaN,NaN,71.3622981978414,NaN
77701,NaN,NaN,4.54453608808845,NaN,NaN,NaN,NaN,NaN,NaN,NaN,NaN,NaN,NaN,NaN,NaN,1.92697757752904,NaN,NaN,NaN,NaN,NaN,NaN,NaN,NaN,2.61229908885121,3.17341880322908,4.67939612157903,NaN,NaN,2.74789244825166,4.33593803348454,NaN,NaN,33.6153835791848,NaN,NaN,NaN,NaN,NaN,NaN,NaN,NaN,NaN,NaN,NaN,NaN,NaN,NaN,NaN,NaN,69.8157772026246,NaN
78001,NaN,NaN,4.0682462497943,NaN,NaN,NaN,NaN,NaN,NaN,NaN,NaN,NaN,NaN,NaN,NaN,1.46945134400219,NaN,NaN,NaN,NaN,NaN,NaN,NaN,NaN,2.22389489240249,2.86474708347812,4.46085285496655,NaN,NaN,2.4808393253566,4.00399729290789,NaN,NaN,33.7733618342241,NaN,NaN,NaN,NaN,NaN,NaN,NaN,NaN,NaN,NaN,NaN,NaN,NaN,NaN,NaN,NaN,68.2125704963486,55.9907373133387
78301,NaN,NaN,3.61741065830496,3.43673527327211,NaN,NaN,NaN,NaN,NaN,NaN,NaN,NaN,NaN,NaN,NaN,1.17292497728554,NaN,NaN,NaN,NaN,NaN,NaN,NaN,NaN,1.95455042606446,2.45265778064833,4.35875393019903,NaN,NaN,2.15206427289007,3.68862272307929,NaN,NaN,33.9093378844455,NaN,NaN,NaN,NaN,NaN,NaN,NaN,NaN,NaN,NaN,NaN,NaN,NaN,NaN,NaN,NaN,66.8083275530613,55.7592140538222
78601,NaN,NaN,3.17350671322467,3.27779542343702,NaN,NaN,NaN,2.409888680281,NaN,NaN,NaN,NaN,NaN,NaN,NaN,0.737218256910934,NaN,NaN,NaN,NaN,NaN,NaN,NaN,NaN,1.75944259155263,2.19964893402042,4.25662199344649,NaN,NaN,1.8193651459359,3.38003963558397,NaN,NaN,34.0029283707419,NaN,NaN,NaN,NaN,NaN,NaN,NaN,NaN,NaN,NaN,NaN,NaN,NaN,NaN,NaN,NaN,65.3304198350123,55.4720205870653
78901,NaN,NaN,2.7617051718154,3.12097120673538,NaN,NaN,NaN,2.00095545733053,NaN,NaN,NaN,NaN,NaN,NaN,NaN,0.448554424243024,NaN,NaN,NaN,NaN,NaN,NaN,NaN,NaN,1.62734031604807,1.90830121854364,4.10758415052162,NaN,NaN,1.65722547368896,3.13231411809425,NaN,NaN,34.0845280790866,NaN,NaN,NaN,NaN,NaN,NaN,NaN,NaN,NaN,NaN,NaN,NaN,NaN,NaN,NaN,NaN,63.8520118027279,55.2422681071743
79201,NaN,NaN,2.43869353970394,2.85263551156636,NaN,NaN,NaN,1.59080870736089,NaN,NaN,NaN,NaN,NaN,NaN,NaN,0.33523339538594,NaN,NaN,NaN,NaN,NaN,NaN,NaN,NaN,1.50628528118545,1.64551842284484,4.09841330051735,NaN,NaN,1.46832884052819,2.89118028257216,NaN,NaN,34.2350445646795,NaN,NaN,NaN,NaN,NaN,NaN,NaN,NaN,NaN,NaN,NaN,NaN,NaN,NaN,NaN,NaN,62.3499152628133,55.1194303168456
79501,NaN,NaN,2.15103019445412,2.67110228017929,NaN,NaN,NaN,1.17792721923277,NaN,NaN,NaN,NaN,NaN,NaN,NaN,0.112647286442643,NaN,NaN,NaN,NaN,NaN,NaN,NaN,NaN,1.51224116035824,1.31146414670723,4.15556066061616,NaN,NaN,1.34961963682174,2.6646792064748,NaN,NaN,34.3378564485744,NaN,NaN,NaN,NaN,NaN,NaN,NaN,NaN,NaN,NaN,NaN,NaN,NaN,NaN,NaN,NaN,NaN,54.9397196429635
79801,NaN,NaN,1.75203645697952,2.26128163024207,NaN,NaN,NaN,0.792569974516846,NaN,NaN,NaN,NaN,NaN,NaN,NaN,-0.143214532206395,NaN,NaN,NaN,NaN,NaN,NaN,NaN,NaN,1.38133406796988,1.19892321412328,4.35644944730381,NaN,NaN,1.43511245742545,2.44392473056611,NaN,NaN,34.3206008677574,NaN,NaN,NaN,NaN,NaN,NaN,NaN,NaN,NaN,NaN,NaN,NaN,NaN,NaN,NaN,NaN,NaN,54.8284038794352
80101,NaN,NaN,1.41556458713857,1.79609687139731,NaN,NaN,NaN,0.406677575183588,NaN,NaN,NaN,NaN,NaN,NaN,NaN,-0.282450201585182,NaN,NaN,NaN,NaN,NaN,NaN,NaN,NaN,1.30142960582332,1.06894366479557,4.50296560392751,NaN,NaN,1.58038757015806,2.31451748063793,NaN,NaN,34.3176930210557,NaN,NaN,NaN,NaN,NaN,NaN,NaN,NaN,NaN,NaN,NaN,NaN,NaN,NaN,NaN,NaN,NaN,54.8867688492864
80401,NaN,NaN,1.18132993619877,1.46451431150933,NaN,NaN,NaN,0.0560187320327159,NaN,NaN,NaN,NaN,NaN,NaN,NaN,-0.449131956831024,NaN,NaN,NaN,NaN,NaN,NaN,NaN,NaN,1.29847747809823,0.937299188002451,4.73635565814905,NaN,NaN,1.77195319584356,2.2701193133175,NaN,NaN,34.2262696811059,NaN,NaN,NaN,NaN,NaN,NaN,NaN,NaN,NaN,NaN,NaN,NaN,NaN,NaN,NaN,NaN,NaN,54.9370311275497
80701,NaN,NaN,0.896254069124671,1.15248981871009,NaN,NaN,NaN,-0.26121069169272,NaN,NaN,NaN,NaN,NaN,NaN,NaN,-0.379260760853306,NaN,NaN,NaN,NaN,NaN,NaN,NaN,NaN,1.32359881662108,0.84563999159065,5.12281429099767,NaN,NaN,2.04700137310378,2.42022467509704,NaN,NaN,34.0953360459395,NaN,NaN,NaN,NaN,NaN,NaN,NaN,NaN,NaN,NaN,NaN,NaN,NaN,NaN,NaN,NaN,NaN,55.0129934223005
81001,NaN,NaN,0.704746856101846,0.805521050623296,NaN,NaN,NaN,-0.468281227694099,NaN,NaN,NaN,NaN,NaN,NaN,NaN,-0.380454338546937,NaN,NaN,NaN,NaN,NaN,NaN,NaN,NaN,1.47002352849436,0.882515927078386,NaN,NaN,NaN,2.38763646042945,2.57832502685279,NaN,NaN,34.0402927011714,NaN,NaN,NaN,NaN,NaN,NaN,NaN,NaN,NaN,NaN,NaN,NaN,NaN,NaN,NaN,NaN,NaN,55.1230175142522
81301,NaN,NaN,0.552842680608342,0.498378774483719,NaN,NaN,NaN,-0.586699018008471,NaN,NaN,NaN,NaN,NaN,NaN,NaN,-0.278340068110319,NaN,NaN,NaN,NaN,NaN,NaN,NaN,NaN,1.69046223567543,0.981227289676757,NaN,NaN,NaN,2.98392035308218,NaN,NaN,NaN,33.857558795113,NaN,NaN,NaN,NaN,NaN,NaN,NaN,NaN,NaN,NaN,NaN,NaN,NaN,NaN,NaN,NaN,NaN,55.3699840842643
81601,NaN,NaN,0.426134546660022,0.240963815624279,NaN,NaN,NaN,-0.656692695223465,NaN,NaN,NaN,NaN,NaN,NaN,NaN,-0.125751364067469,NaN,NaN,NaN,NaN,NaN,NaN,NaN,NaN,1.98998435402374,1.21490033191867,NaN,NaN,NaN,3.46448827436365,NaN,NaN,NaN,33.7613428608582,NaN,NaN,NaN,NaN,NaN,NaN,NaN,NaN,NaN,NaN,NaN,NaN,NaN,NaN,NaN,NaN,NaN,55.8167164285671
81901,NaN,NaN,0.293856017022446,0.0656060933496899,NaN,NaN,NaN,-0.674680020556699,NaN,NaN,NaN,NaN,NaN,NaN,NaN,0.0661181627404411,NaN,NaN,NaN,NaN,NaN,NaN,NaN,NaN,2.37467132883513,1.51498812087131,NaN,NaN,NaN,4.19651728842891,NaN,NaN,NaN,33.7370003861446,NaN,NaN,NaN,NaN,NaN,NaN,NaN,NaN,NaN,NaN,NaN,NaN,NaN,NaN,NaN,NaN,NaN,56.3667643796389
82201,NaN,NaN,0.215432685936642,-0.0383269348157898,NaN,NaN,NaN,-0.45854313448338,NaN,NaN,NaN,NaN,NaN,NaN,NaN,0.4360460547553,NaN,NaN,NaN,NaN,NaN,NaN,NaN,NaN,3.10012295438438,1.81426164351685,NaN,NaN,NaN,5.08694290808045,NaN,NaN,NaN,33.7076681906126,NaN,NaN,NaN,NaN,NaN,NaN,NaN,NaN,NaN,NaN,NaN,NaN,NaN,NaN,NaN,NaN,NaN,57.0471091874955
82501,NaN,NaN,0.25902773606422,-0.0126985701582895,NaN,NaN,NaN,-0.139896247324145,NaN,NaN,NaN,NaN,NaN,NaN,NaN,1.0244894013148,NaN,NaN,NaN,NaN,NaN,NaN,NaN,NaN,3.91187149609605,2.44183190597402,NaN,NaN,NaN,6.10705121016038,NaN,NaN,NaN,33.7923197773346,NaN,NaN,NaN,NaN,NaN,NaN,NaN,NaN,NaN,NaN,NaN,NaN,NaN,NaN,NaN,NaN,NaN,57.836129906623
82801,NaN,NaN,0.511210701281432,0.154245193732241,NaN,NaN,NaN,0.39219770971736,2.16952875051188,NaN,NaN,NaN,NaN,NaN,NaN,1.79589326789223,NaN,NaN,NaN,NaN,NaN,NaN,NaN,NaN,4.95714375705474,3.15675593277697,NaN,NaN,NaN,7.20867083277959,NaN,NaN,NaN,33.9289562871306,NaN,NaN,NaN,NaN,NaN,NaN,NaN,NaN,NaN,NaN,NaN,NaN,NaN,NaN,NaN,NaN,NaN,58.8398559445211
83101,NaN,NaN,0.788606270223964,0.573663073944897,NaN,NaN,NaN,1.07442679515445,2.19651249528392,NaN,NaN,NaN,NaN,NaN,NaN,2.73842862700155,NaN,NaN,NaN,NaN,NaN,NaN,NaN,NaN,6.10360541784672,3.99039546780477,NaN,NaN,NaN,8.40279388019177,NaN,NaN,NaN,34.2533622852555,NaN,NaN,NaN,NaN,NaN,NaN,NaN,NaN,NaN,NaN,NaN,NaN,NaN,NaN,NaN,NaN,NaN,59.9343307553056
83401,NaN,NaN,1.31665962955288,1.10198182075412,NaN,NaN,NaN,1.92527442326128,2.39676217790208,NaN,NaN,NaN,NaN,NaN,NaN,3.70059186821841,NaN,NaN,NaN,NaN,NaN,NaN,NaN,NaN,7.5092792029302,4.86439560671293,NaN,NaN,NaN,9.81550540168424,NaN,NaN,NaN,34.6991987970678,NaN,NaN,NaN,NaN,NaN,NaN,NaN,NaN,NaN,NaN,NaN,NaN,NaN,NaN,NaN,NaN,NaN,61.1918662500898
83701,NaN,NaN,1.99164510180789,1.95023845612854,NaN,NaN,NaN,NaN,2.85803233615848,NaN,NaN,NaN,NaN,NaN,NaN,4.77245788862411,NaN,NaN,NaN,NaN,NaN,NaN,NaN,NaN,9.11018311057125,5.85136712432208,NaN,NaN,NaN,11.3659007678464,NaN,NaN,NaN,35.3548985503675,NaN,NaN,NaN,NaN,NaN,NaN,NaN,NaN,NaN,NaN,NaN,NaN,NaN,NaN,NaN,NaN,NaN,62.5378571389377
84001,NaN,NaN,2.76214389404975,2.88557828556664,NaN,NaN,NaN,3.87601921303297,3.4538393999185,NaN,NaN,NaN,NaN,NaN,NaN,6.06256036898892,NaN,NaN,NaN,NaN,NaN,NaN,NaN,NaN,10.8383561642379,6.92052653905435,NaN,NaN,NaN,13.0113108370632,NaN,NaN,NaN,35.9506588741073,NaN,NaN,NaN,NaN,NaN,NaN,NaN,NaN,NaN,NaN,NaN,NaN,NaN,NaN,NaN,NaN,NaN,64.0542354311861
84301,NaN,NaN,3.62242603871002,3.88729667713248,NaN,NaN,NaN,5.25188534851917,4.11979461437583,NaN,NaN,NaN,NaN,NaN,NaN,7.25882601408642,NaN,NaN,NaN,NaN,NaN,NaN,NaN,NaN,12.233005482788,8.02773285554349,NaN,NaN,NaN,14.495570446428,NaN,NaN,40.421241291881,36.6111870131789,NaN,NaN,NaN,NaN,NaN,NaN,NaN,NaN,NaN,NaN,NaN,NaN,NaN,NaN,NaN,NaN,NaN,65.6151854349584
84601,NaN,NaN,4.72378076267412,5.01512023002399,NaN,NaN,NaN,6.28292104465849,5.14784687905182,NaN,NaN,NaN,NaN,NaN,NaN,8.82858602194961,NaN,NaN,NaN,NaN,NaN,NaN,NaN,NaN,14.240943518099,9.22997189304901,NaN,NaN,NaN,16.1085785282705,NaN,NaN,42.2649934689915,37.3703815373648,NaN,NaN,NaN,NaN,NaN,NaN,NaN,NaN,NaN,NaN,NaN,NaN,NaN,NaN,NaN,NaN,NaN,67.2640504478026
84901,NaN,NaN,5.83778894789659,6.25695659674814,NaN,NaN,NaN,7.54062548693101,6.0856131232397,NaN,NaN,NaN,NaN,NaN,NaN,10.462377479454,NaN,NaN,NaN,NaN,NaN,NaN,NaN,NaN,15.9268243077611,10.5063976557857,NaN,NaN,NaN,17.8458702904104,NaN,NaN,44.0379251714504,38.0665488067491,NaN,NaN,NaN,NaN,NaN,NaN,NaN,NaN,NaN,NaN,NaN,NaN,NaN,NaN,NaN,NaN,NaN,68.9899091056987
85201,NaN,NaN,7.08543986718706,7.69386791417227,NaN,NaN,NaN,8.85509437532183,7.13056780969189,NaN,NaN,NaN,NaN,NaN,NaN,12.1275698829182,NaN,NaN,NaN,NaN,NaN,NaN,NaN,NaN,NaN,11.8422602677794,NaN,NaN,NaN,19.5484940250854,NaN,NaN,45.7572863969467,38.6973335175148,NaN,NaN,NaN,NaN,NaN,NaN,NaN,NaN,NaN,NaN,NaN,NaN,NaN,NaN,NaN,NaN,NaN,70.8181673784172
85501,NaN,12.9068079217192,8.29821479481905,9.11591040703537,NaN,NaN,NaN,10.2248689251805,8.37446193360298,NaN,NaN,NaN,NaN,NaN,NaN,13.7848505495117,NaN,NaN,NaN,NaN,NaN,NaN,NaN,NaN,NaN,13.21163109489,NaN,NaN,NaN,21.3087556143452,NaN,NaN,47.5942052750182,39.4027534303692,NaN,NaN,NaN,NaN,NaN,NaN,NaN,NaN,NaN,NaN,NaN,NaN,NaN,NaN,NaN,NaN,NaN,72.7068652237794
85801,NaN,14.2191537043819,9.60476479474812,10.5337181741726,NaN,NaN,NaN,11.6351718100076,9.69634886357423,NaN,NaN,NaN,NaN,NaN,NaN,15.6329293930854,NaN,NaN,NaN,NaN,NaN,NaN,NaN,NaN,NaN,14.6364898644483,NaN,NaN,NaN,22.6700050911588,NaN,NaN,49.2544735904993,39.9920722516304,NaN,NaN,NaN,NaN,NaN,NaN,NaN,NaN,NaN,NaN,NaN,NaN,NaN,NaN,NaN,NaN,NaN,74.7116989546532
86101,NaN,15.7499977205846,10.9345201426858,12.0073427170896,NaN,NaN,NaN,12.947105400306,11.077886509434,NaN,NaN,NaN,NaN,NaN,NaN,17.3217836861682,NaN,NaN,NaN,NaN,NaN,NaN,NaN,NaN,NaN,16.0365902224358,NaN,NaN,NaN,24.4215769055936,NaN,NaN,50.7076551902952,40.5751883732821,NaN,NaN,NaN,NaN,NaN,NaN,NaN,NaN,NaN,NaN,NaN,NaN,NaN,NaN,NaN,NaN,NaN,76.6685864653981
