Epoch,G01,G02,G03,G04,G05,G06,G07,G08,G09,G10,G11,G12,G14,G15,G16,G17,G18,G19,G20,G21,G22,G23,G24,G25,G26,G27,G28,G29,G30,G31,G32,C11,C12,C14,C19,C20,C21,C22,C23,C24,C25,C26,C27,C28,C29,C30,C06,C07,C08,C09,C10,C13
1,NaN,NaN,NaN,NaN,NaN,NaN,NaN,NaN,NaN,NaN,NaN,NaN,NaN,NaN,NaN,NaN,NaN,NaN,NaN,NaN,NaN,NaN,NaN,NaN,NaN,NaN,NaN,NaN,NaN,NaN,NaN,NaN,NaN,NaN,NaN,NaN,NaN,NaN,NaN,NaN,NaN,NaN,NaN,NaN,NaN,NaN,NaN,NaN,NaN,NaN,NaN,NaN
301,0.0132741887108901,0.0424564772963735,NaN,NaN,NaN,NaN,0.00781668418162075,NaN,NaN,NaN,NaN,NaN,0.0269190376396065,NaN,NaN,NaN,NaN,NaN,NaN,NaN,0.0645550442002538,NaN,NaN,NaN,NaN,NaN,NaN,NaN,0.0251241044006335,NaN,NaN,NaN,NaN,NaN,NaN,NaN,NaN,NaN,NaN,NaN,NaN,NaN,NaN,NaN,NaN,NaN,NaN,NaN,NaN,NaN,NaN,NaN
601,0.0149320920568495,0.0193631826483702,NaN,NaN,NaN,NaN,0.00851533117060163,NaN,NaN,NaN,NaN,NaN,0.033055311681316,NaN,NaN,0.0162409545402315,NaN,0.0217443706026203,NaN,NaN,0.0275771324442931,NaN,NaN,NaN,NaN,NaN,NaN,NaN,0.00637297140949621,NaN,NaN,NaN,NaN,NaN,NaN,NaN,NaN,NaN,NaN,NaN,NaN,NaN,NaN,NaN,NaN,NaN,NaN,NaN,NaN,NaN,NaN,NaN
901,0.0107181727610999,0.0212049446029474,NaN,NaN,NaN,NaN,0.0193318364276656,NaN,NaN,NaN,NaN,NaN,0.0143629291488168,NaN,NaN,0.0247488544024927,NaN,0.0201525101337219,NaN,NaN,0.0644779721929697,NaN,NaN,NaN,NaN,NaN,NaN,NaN,0.0107676949486298,NaN,NaN,NaN,NaN,NaN,NaN,NaN,NaN,NaN,NaN,NaN,NaN,NaN,NaN,NaN,NaN,NaN,NaN,NaN,NaN,NaN,NaN,NaN
1201,0.0117006021509567,0.0237934400106476,NaN,NaN,NaN,NaN,0.0096068586947362,NaN,NaN,NaN,NaN,NaN,0.0202089202049515,NaN,NaN,0.0418348766260146,NaN,0.00892270964277749,NaN,NaN,0.0533233121053229,NaN,NaN,NaN,NaN,NaN,NaN,NaN,0.0226088408915558,NaN,NaN,NaN,NaN,NaN,NaN,NaN,NaN,NaN,NaN,NaN,NaN,NaN,NaN,NaN,NaN,NaN,NaN,NaN,NaN,NaN,NaN,NaN
1501,0.00355935413220634,0.0203387921365454,NaN,NaN,NaN,NaN,0.00678141843673909,NaN,NaN,NaN,NaN,NaN,0.00977432411639947,NaN,NaN,0.013269664095375,NaN,0.0105422535071656,NaN,NaN,0.0369002909943282,NaN,NaN,NaN,NaN,NaN,NaN,NaN,0.00714240468648168,NaN,NaN,NaN,NaN,NaN,NaN,NaN,NaN,NaN,NaN,NaN,NaN,NaN,NaN,NaN,NaN,NaN,NaN,NaN,NaN,NaN,NaN,NaN
1801,0.0132934844022937,0.00917298171136492,0.0304086408122559,NaN,NaN,0.0437375982193067,0.00554642898362603,NaN,NaN,NaN,NaN,NaN,0.0172582714198403,NaN,NaN,0.0192594368783745,NaN,0.0097784466321697,NaN,NaN,0.00910279402034335,NaN,NaN,NaN,NaN,NaN,NaN,NaN,0.0154062056285606,NaN,NaN,NaN,NaN,NaN,NaN,NaN,NaN,NaN,NaN,NaN,NaN,NaN,NaN,NaN,NaN,NaN,NaN,NaN,NaN,NaN,NaN,NaN
2101,0.0104248804734246,0.0297172068564251,0.0194258006588273,NaN,NaN,0.00327321966952566,0.00677583930082278,NaN,NaN,NaN,NaN,NaN,0.0200073720604041,NaN,NaN,0.0146316950541008,NaN,0.00903681283041035,NaN,NaN,0.0207298603048828,NaN,NaN,NaN,NaN,NaN,NaN,NaN,0.00253513158039549,NaN,NaN,NaN,NaN,NaN,NaN,NaN,NaN,NaN,NaN,NaN,NaN,NaN,NaN,NaN,NaN,NaN,NaN,NaN,NaN,NaN,NaN,NaN
2401,0.0127447866369245,0.0314269534274154,0.0115985558915277,NaN,NaN,0.0181799599289257,0.0254216868137369,NaN,NaN,NaN,NaN,NaN,0.0158486198431082,NaN,NaN,0.0208919318030886,NaN,0.0185757816487527,NaN,NaN,0.0343014491677589,NaN,NaN,NaN,NaN,NaN,NaN,NaN,0.0163250896370204,NaN,NaN,NaN,NaN,NaN,NaN,NaN,NaN,NaN,NaN,NaN,NaN,NaN,NaN,NaN,NaN,NaN,NaN,NaN,NaN,NaN,NaN,NaN
2701,0.0118134534923992,0.0420192961647102,0.0194888197664734,NaN,NaN,0.00925366053530475,0.0155338278549505,NaN,NaN,NaN,NaN,NaN,0.0143372671091384,NaN,NaN,NaN,NaN,0.0158562771876363,NaN,NaN,0.0409159905889963,NaN,NaN,NaN,NaN,NaN,NaN,NaN,0.00930775130440174,NaN,NaN,NaN,NaN,NaN,NaN,NaN,NaN,NaN,NaN,NaN,NaN,NaN,NaN,NaN,NaN,NaN,NaN,NaN,NaN,NaN,NaN,NaN
3001,0.00908905772206564,NaN,0.0161987735015871,NaN,NaN,0.0118087774216989,0.0408439652089333,NaN,NaN,NaN,NaN,NaN,0.0196356727790977,NaN,NaN,0.00425337243157843,NaN,0.0181427466140765,NaN,NaN,0.0104475013621901,NaN,NaN,NaN,NaN,NaN,NaN,NaN,0.0152860808523369,NaN,NaN,NaN,NaN,NaN,NaN,NaN,NaN,NaN,NaN,NaN,NaN,NaN,NaN,NaN,NaN,NaN,NaN,NaN,NaN,NaN,NaN,NaN
3301,0.0117104248972069,NaN,0.0151675906511778,NaN,NaN,0.0163235275533918,0.0182176230756154,NaN,NaN,NaN,NaN,NaN,0.0239347252644594,NaN,NaN,0.0104914341820049,NaN,0.0140384963854625,NaN,NaN,0.0228366418417306,NaN,NaN,NaN,NaN,NaN,NaN,NaN,0.00720283276274256,NaN,NaN,NaN,NaN,NaN,NaN,NaN,NaN,NaN,NaN,NaN,NaN,NaN,NaN,NaN,NaN,NaN,NaN,NaN,NaN,NaN,NaN,NaN
3601,0.013376156351257,NaN,0.025577293708598,NaN,NaN,0.010082129533166,0.0213130002916972,NaN,NaN,NaN,NaN,NaN,0.045339769846194,NaN,NaN,0.0195017721809476,NaN,0.00912179473002159,NaN,NaN,0.0180843137096548,NaN,NaN,NaN,NaN,NaN,NaN,NaN,0.00644122037060536,NaN,NaN,NaN,NaN,NaN,NaN,NaN,NaN,NaN,NaN,NaN,NaN,NaN,NaN,NaN,NaN,NaN,NaN,NaN,NaN,NaN,NaN,NaN
3901,0.0162424290511959,NaN,0.0138249614167393,NaN,NaN,0.00965899218898798,0.00420375772974825,NaN,NaN,NaN,NaN,NaN,0.0108434206117873,NaN,NaN,0.021991262532808,NaN,0.0223750437397747,NaN,NaN,0.0168606509837006,NaN,NaN,NaN,NaN,NaN,NaN,NaN,0.0107264050743888,NaN,NaN,NaN,NaN,NaN,NaN,NaN,NaN,NaN,NaN,NaN,NaN,NaN,NaN,NaN,NaN,NaN,NaN,NaN,NaN,NaN,NaN,NaN
4201,0.00889148943496304,NaN,0.0141491417772038,NaN,NaN,0.0129547190072416,0.0160119805083605,NaN,NaN,NaN,NaN,NaN,0.00693851825554432,NaN,NaN,0.0184560232153138,NaN,0.0166400021978247,NaN,NaN,0.022208831359662,NaN,NaN,NaN,NaN,NaN,NaN,NaN,0.0160813530580063,NaN,NaN,NaN,NaN,NaN,NaN,NaN,NaN,NaN,NaN,NaN,NaN,NaN,NaN,NaN,NaN,NaN,NaN,NaN,NaN,NaN,NaN,NaN
4501,0.0196603593140054,NaN,0.0144815489629528,NaN,NaN,0.00908360223387695,0.0134453205014057,NaN,NaN,NaN,NaN,NaN,0.013305945229595,NaN,NaN,0.0207229919247292,NaN,0.0208806723519616,NaN,NaN,0.0192413689700819,NaN,NaN,NaN,NaN,NaN,NaN,NaN,0.0130432671593337,NaN,NaN,NaN,NaN,NaN,NaN,NaN,NaN,NaN,NaN,NaN,NaN,NaN,NaN,NaN,NaN,NaN,NaN,NaN,NaN,NaN,NaN,NaN
4801,0.0089377501156885,NaN,0.01973083290181,NaN,NaN,0.030969489913009,0.0157598219709979,NaN,NaN,NaN,NaN,NaN,0.00562713381706963,NaN,NaN,0.0069755807333944,NaN,0.0110254830053441,NaN,NaN,0.0118599569537708,NaN,NaN,NaN,NaN,NaN,NaN,NaN,0.0494470796010443,NaN,NaN,NaN,NaN,NaN,NaN,NaN,NaN,NaN,NaN,NaN,NaN,NaN,NaN,NaN,NaN,NaN,NaN,NaN,NaN,NaN,NaN,NaN
5101,0.0191356927932657,NaN,0.00311853160950246,NaN,NaN,0.0306238618696582,0.0126181422776855,NaN,NaN,NaN,NaN,NaN,0.00876161984009777,NaN,NaN,0.0093008225755665,NaN,0.0110145700355899,NaN,NaN,0.00942370377519029,NaN,NaN,NaN,NaN,NaN,NaN,NaN,0.0114322760931355,NaN,NaN,NaN,NaN,NaN,NaN,NaN,NaN,NaN,NaN,NaN,NaN,NaN,NaN,NaN,NaN,NaN,NaN,NaN,NaN,NaN,NaN,NaN
5401,0.0191945567389411,NaN,0.0177674717342714,NaN,NaN,0.0210822056931262,0.0204753225804563,NaN,NaN,NaN,NaN,NaN,0.0317971945329527,NaN,NaN,0.0176458272807334,NaN,0.0206623043162864,NaN,NaN,0.0111725915505901,NaN,NaN,NaN,NaN,NaN,NaN,NaN,0.0116605976612279,NaN,NaN,NaN,NaN,NaN,NaN,NaN,NaN,NaN,NaN,NaN,NaN,NaN,NaN,NaN,NaN,NaN,NaN,NaN,NaN,NaN,NaN,NaN
5701,0.01968887459572,NaN,0.00581257847333415,NaN,NaN,0.00640933307711774,0.00739646808837773,NaN,NaN,NaN,NaN,NaN,0.0135097554168903,NaN,NaN,0.0225081216657717,NaN,0.0242741690903125,NaN,NaN,0.0132792105020714,NaN,NaN,NaN,NaN,NaN,NaN,NaN,0.0131071414229909,NaN,NaN,NaN,NaN,NaN,NaN,NaN,NaN,NaN,NaN,NaN,NaN,NaN,NaN,NaN,NaN,NaN,NaN,NaN,NaN,NaN,NaN,NaN
6001,0.0159210249131361,NaN,0.0151116826499755,NaN,NaN,0.0166241961956228,0.00931865310560788,NaN,NaN,NaN,NaN,NaN,0.019280249296095,NaN,NaN,0.0198205615826771,NaN,0.00819674291667045,NaN,NaN,0.0176774001434158,NaN,NaN,NaN,NaN,NaN,NaN,NaN,0.00624202388677546,NaN,NaN,NaN,NaN,NaN,NaN,NaN,NaN,NaN,NaN,NaN,NaN,NaN,NaN,NaN,NaN,NaN,NaN,NaN,NaN,NaN,NaN,NaN
6301,0.0172948382631674,NaN,0.0128993892289871,NaN,NaN,0.0223869668584467,0.0157827808863544,NaN,NaN,NaN,NaN,NaN,0.0266910579711932,NaN,NaN,0.0238477645955273,NaN,0.00670643887384013,NaN,NaN,0.020457569479526,NaN,NaN,NaN,NaN,NaN,NaN,NaN,0.124936581636508,NaN,NaN,NaN,NaN,NaN,NaN,NaN,NaN,NaN,NaN,NaN,NaN,NaN,NaN,NaN,NaN,NaN,NaN,NaN,NaN,NaN,NaN,NaN
6601,0.0199861129713041,NaN,0.00891694350494019,NaN,NaN,0.0178587162023447,0.0135429173580812,NaN,NaN,NaN,NaN,NaN,0.0216891597278998,NaN,NaN,0.0390518972622581,NaN,0.0291861377116268,NaN,NaN,0.0409215928316282,NaN,NaN,NaN,NaN,NaN,NaN,NaN,0.0176610690918933,NaN,NaN,NaN,NaN,NaN,NaN,NaN,NaN,NaN,NaN,NaN,NaN,NaN,NaN,NaN,NaN,NaN,NaN,NaN,NaN,NaN,NaN,NaN
6901,0.0328231606086058,NaN,0.0129414342571044,NaN,NaN,0.0070521651022967,0.0258481997737424,NaN,NaN,NaN,NaN,NaN,0.0110815059839687,NaN,NaN,0.105739209545907,NaN,0.0297570297719649,NaN,NaN,0.0126141770360123,NaN,NaN,NaN,NaN,NaN,NaN,NaN,0.00897940206756643,NaN,NaN,NaN,NaN,NaN,NaN,NaN,NaN,NaN,NaN,NaN,NaN,NaN,NaN,NaN,NaN,NaN,NaN,NaN,NaN,NaN,NaN,NaN
7201,0.0342214367994471,NaN,0.0115964072298031,NaN,NaN,0.0154770361603336,0.0146119174160516,NaN,NaN,NaN,NaN,NaN,0.0211797433614786,NaN,NaN,0.00879489016681202,NaN,0.021077930554855,NaN,NaN,0.00319261783889766,NaN,NaN,NaN,NaN,NaN,NaN,NaN,0.0247732388352639,NaN,NaN,NaN,NaN,NaN,NaN,NaN,NaN,NaN,NaN,NaN,NaN,NaN,NaN,NaN,NaN,NaN,NaN,NaN,NaN,NaN,NaN,NaN
7501,0.0390530122561496,NaN,0.0137424748676295,NaN,NaN,0.0259750492321212,0.0134244959657565,NaN,NaN,NaN,0.00311952056974021,NaN,0.0178568992857788,NaN,NaN,0.00836672637469047,NaN,0.0124484906237231,NaN,NaN,0.015764939822618,NaN,NaN,NaN,NaN,NaN,NaN,NaN,0.00946762628414733,NaN,NaN,NaN,NaN,NaN,NaN,NaN,NaN,NaN,NaN,NaN,NaN,NaN,NaN,NaN,NaN,NaN,NaN,NaN,NaN,NaN,NaN,NaN
7801,NaN,NaN,0.0266009921826271,NaN,NaN,0.0101537908789541,0.0491590412129293,NaN,NaN,NaN,0.038811442863676,NaN,0.0196313362846125,NaN,NaN,0.0168316220300593,NaN,0.0437502086116507,NaN,NaN,0.00913092858437608,NaN,NaN,NaN,NaN,NaN,NaN,NaN,0.00865829770946587,NaN,NaN,NaN,NaN,NaN,NaN,NaN,NaN,NaN,NaN,NaN,NaN,NaN,NaN,NaN,NaN,NaN,NaN,NaN,NaN,NaN,NaN,NaN
8101,NaN,NaN,0.0282820113514201,NaN,NaN,0.011770743373844,0.0174182538051078,NaN,NaN,NaN,0.0211729027543536,NaN,0.0196654256421435,NaN,NaN,0.0131694527163924,NaN,0.0181489597596733,NaN,NaN,0.0218110979937826,NaN,NaN,NaN,NaN,NaN,NaN,NaN,0.0138553815970429,NaN,NaN,NaN,NaN,NaN,NaN,NaN,NaN,NaN,NaN,NaN,NaN,NaN,NaN,NaN,NaN,NaN,NaN,NaN,NaN,NaN,NaN,NaN
8401,NaN,NaN,0.00599007420735198,NaN,NaN,0.00979871267076087,NaN,NaN,NaN,NaN,0.0430792274025164,NaN,0.0153047100584328,NaN,NaN,0.0250275536242511,NaN,0.0162105823586478,NaN,NaN,0.0317541976461711,NaN,NaN,NaN,NaN,NaN,NaN,NaN,0.0108622827014777,NaN,NaN,NaN,NaN,NaN,NaN,NaN,NaN,NaN,NaN,NaN,NaN,NaN,NaN,NaN,NaN,NaN,NaN,NaN,NaN,NaN,NaN,NaN
8701,NaN,NaN,0.0276337797284621,NaN,NaN,0.00793322475256522,NaN,NaN,NaN,NaN,0.0425446148267438,NaN,0.0106449407850083,NaN,NaN,0.0208662374776862,NaN,0.0289711264789403,NaN,NaN,0.00638971015902963,NaN,NaN,NaN,NaN,NaN,NaN,NaN,0.031240448420811,NaN,NaN,NaN,NaN,NaN,NaN,NaN,NaN,NaN,NaN,NaN,NaN,NaN,NaN,NaN,NaN,NaN,NaN,NaN,NaN,NaN,NaN,NaN
9001,NaN,NaN,0.0205209236551606,NaN,NaN,0.0150003870512437,NaN,NaN,NaN,NaN,0.0114775735945708,NaN,0.00155918710287353,NaN,NaN,0.0176160881554986,NaN,0.0164722855918655,NaN,NaN,0.0432971413189691,NaN,NaN,NaN,NaN,NaN,NaN,NaN,0.134708491289313,NaN,NaN,NaN,NaN,NaN,NaN,NaN,NaN,NaN,NaN,NaN,NaN,NaN,NaN,NaN,NaN,NaN,NaN,NaN,NaN,NaN,NaN,NaN
9301,NaN,NaN,0.0161802168416401,NaN,NaN,0.0152117375752508,NaN,NaN,NaN,NaN,0.00692244280541953,NaN,0.0093702576891705,NaN,NaN,0.0200557181828932,NaN,0.0172494640567862,NaN,NaN,0.028945443748767,NaN,NaN,NaN,NaN,NaN,NaN,NaN,0.00622852564898648,NaN,NaN,NaN,NaN,NaN,NaN,NaN,NaN,NaN,NaN,NaN,NaN,NaN,NaN,NaN,NaN,NaN,NaN,NaN,NaN,NaN,NaN,NaN
9601,NaN,NaN,0.020238543194488,NaN,NaN,0.0209363333364367,NaN,NaN,NaN,NaN,0.0209673915927765,NaN,0.00369215555677731,NaN,NaN,0.0147570119834164,NaN,0.00925594820264087,NaN,NaN,0.0178682509935869,NaN,NaN,NaN,NaN,NaN,NaN,NaN,0.00998219364577422,NaN,NaN,NaN,NaN,NaN,NaN,NaN,NaN,NaN,NaN,NaN,NaN,NaN,NaN,NaN,NaN,NaN,NaN,NaN,NaN,NaN,NaN,NaN
9901,NaN,NaN,0.00420000364918418,NaN,NaN,0.00689166405604321,NaN,NaN,NaN,NaN,0.0111214546001737,NaN,0.0115969617531629,NaN,NaN,0.0165470140742298,NaN,0.00572749485596101,NaN,NaN,0.0105847281245437,NaN,NaN,NaN,NaN,NaN,NaN,NaN,0.00637001709232603,NaN,NaN,NaN,NaN,NaN,NaN,NaN,NaN,NaN,NaN,NaN,NaN,NaN,NaN,NaN,NaN,NaN,NaN,NaN,NaN,NaN,NaN,NaN
10201,NaN,NaN,0.0172685176619772,NaN,NaN,0.0301276839397828,NaN,NaN,NaN,NaN,0.0150264531949159,NaN,0.017721655123347,NaN,NaN,0.00876984107577185,NaN,0.0114394562155887,NaN,NaN,0.0189762260340706,NaN,NaN,NaN,NaN,NaN,NaN,NaN,0.0115814559477787,NaN,NaN,NaN,NaN,NaN,NaN,NaN,NaN,NaN,NaN,NaN,NaN,NaN,NaN,NaN,NaN,NaN,NaN,NaN,NaN,NaN,NaN,NaN
10501,NaN,NaN,0.0325613751716704,NaN,NaN,0.0188116152522754,NaN,NaN,NaN,NaN,0.0199976833614903,NaN,0.0134821134015722,NaN,NaN,0.0132664048073942,NaN,0.0171569766550234,NaN,NaN,0.00577551319282705,NaN,NaN,NaN,NaN,NaN,NaN,NaN,0.0459424991828747,NaN,NaN,NaN,NaN,NaN,NaN,NaN,NaN,NaN,NaN,NaN,NaN,NaN,NaN,NaN,NaN,NaN,NaN,NaN,NaN,NaN,NaN,NaN
10801,NaN,NaN,0.0326790682056153,NaN,NaN,0.0256179496306696,NaN,NaN,NaN,NaN,0.0168279646137982,NaN,0.00967573961052741,NaN,NaN,0.0194743964614262,NaN,0.0279626108910409,NaN,NaN,0.00420725528933656,NaN,NaN,NaN,NaN,NaN,NaN,NaN,0.0129706210743999,NaN,NaN,NaN,NaN,NaN,NaN,NaN,NaN,NaN,NaN,NaN,NaN,NaN,NaN,NaN,NaN,NaN,NaN,NaN,NaN,NaN,NaN,NaN
11101,NaN,NaN,0.0507343286403126,NaN,NaN,0.0316144670596417,NaN,NaN,NaN,NaN,0.0101825826513815,NaN,0.0128648475179022,NaN,NaN,0.0115909963734959,NaN,0.021338911335505,NaN,NaN,0.00726117908776034,NaN,NaN,NaN,NaN,NaN,NaN,NaN,0.110657008504882,NaN,NaN,NaN,NaN,NaN,NaN,NaN,NaN,NaN,NaN,NaN,NaN,NaN,NaN,NaN,NaN,NaN,NaN,NaN,NaN,NaN,NaN,NaN
11401,NaN,NaN,0.0137639813765436,NaN,NaN,0.00920169280886195,NaN,NaN,NaN,NaN,0.0157857937746745,NaN,0.00557983520897974,NaN,NaN,0.0220011553747406,NaN,0.00745460169328177,NaN,NaN,0.0431071844498264,NaN,NaN,NaN,NaN,NaN,NaN,NaN,0.0924858922804608,NaN,NaN,NaN,NaN,NaN,NaN,NaN,NaN,NaN,NaN,NaN,NaN,NaN,NaN,NaN,NaN,NaN,NaN,NaN,NaN,NaN,NaN,NaN
11701,NaN,NaN,NaN,NaN,NaN,0.00952779989807322,NaN,NaN,NaN,NaN,0.00232328237164879,NaN,0.00495928054392686,NaN,NaN,0.0130150270989609,NaN,0.0303889985543789,NaN,NaN,0.00939165013142685,NaN,NaN,NaN,NaN,NaN,NaN,NaN,0.0050998134117449,NaN,NaN,NaN,NaN,NaN,NaN,NaN,NaN,NaN,NaN,NaN,NaN,NaN,NaN,NaN,NaN,NaN,NaN,NaN,NaN,NaN,NaN,NaN
12001,NaN,NaN,NaN,NaN,NaN,0.0250005101984345,NaN,NaN,NaN,NaN,0.00732001328484307,NaN,0.0250978657412355,NaN,NaN,0.0242016567792834,NaN,0.0138309719338845,NaN,NaN,0.013108117577476,NaN,NaN,NaN,NaN,NaN,NaN,NaN,0.103889515630805,NaN,NaN,NaN,NaN,NaN,NaN,NaN,NaN,NaN,NaN,NaN,NaN,NaN,NaN,NaN,NaN,NaN,NaN,NaN,NaN,NaN,NaN,NaN
12301,NaN,NaN,NaN,NaN,NaN,0.0186964983248692,NaN,NaN,NaN,NaN,0.010016195386306,NaN,0.0124090861055596,NaN,NaN,0.016423066555727,NaN,0.0331077759669698,NaN,0,0.0100107219749217,NaN,NaN,NaN,NaN,NaN,NaN,NaN,0.0755709867751702,NaN,NaN,NaN,NaN,NaN,NaN,NaN,NaN,NaN,NaN,NaN,NaN,NaN,NaN,NaN,NaN,NaN,NaN,NaN,NaN,NaN,NaN,NaN
12601,NaN,NaN,NaN,NaN,NaN,0.0169895457224612,NaN,NaN,NaN,NaN,0.0145450951112959,NaN,0.0153564659616366,NaN,NaN,0.0185166616135001,NaN,0.0219121458264316,NaN,0.0207814303490015,0.00992645272632449,NaN,NaN,NaN,NaN,NaN,NaN,NaN,NaN,NaN,NaN,NaN,NaN,NaN,NaN,NaN,NaN,NaN,NaN,NaN,NaN,NaN,NaN,NaN,NaN,NaN,NaN,NaN,NaN,NaN,NaN,NaN
12901,NaN,NaN,NaN,NaN,NaN,0.0243111089277123,NaN,NaN,NaN,NaN,0.00983557557149337,NaN,0.010283897887785,NaN,NaN,0.017271313855472,NaN,0.0244096127854697,NaN,0.0218945047451804,0.0251668007258132,NaN,NaN,NaN,NaN,NaN,NaN,NaN,NaN,NaN,NaN,NaN,NaN,NaN,NaN,NaN,NaN,NaN,NaN,NaN,NaN,NaN,NaN,NaN,NaN,NaN,NaN,NaN,NaN,NaN,NaN,NaN
13201,NaN,NaN,NaN,NaN,NaN,0.00987280186130818,NaN,NaN,NaN,NaN,0.0304960323100771,NaN,0.0219978457901765,NaN,NaN,0.0596762395957792,NaN,0.0305942408993581,NaN,0.115537081864125,0.00944986604489517,NaN,NaN,NaN,NaN,NaN,NaN,NaN,NaN,NaN,NaN,NaN,NaN,NaN,NaN,NaN,NaN,NaN,NaN,NaN,NaN,NaN,NaN,NaN,NaN,NaN,NaN,NaN,NaN,NaN,NaN,NaN
13501,NaN,NaN,NaN,NaN,NaN,0.0318076952965846,NaN,NaN,NaN,NaN,0.0271280923927955,NaN,0.00684962240568834,NaN,NaN,0.0287052279948312,NaN,0.018876151168444,NaN,0.0552632278490974,0.00951532684774161,NaN,NaN,NaN,NaN,NaN,NaN,NaN,NaN,NaN,NaN,NaN,NaN,NaN,NaN,NaN,NaN,NaN,NaN,NaN,NaN,NaN,NaN,NaN,NaN,NaN,NaN,NaN,NaN,NaN,NaN,NaN
13801,NaN,NaN,NaN,NaN,NaN,0.010134325618383,NaN,NaN,NaN,NaN,0.0525067872177093,NaN,0.00862712679525384,NaN,NaN,0.0391243587254394,NaN,0.0307379124277442,NaN,0.0202825073967234,0.00679127376396031,NaN,NaN,NaN,NaN,NaN,NaN,NaN,NaN,NaN,NaN,NaN,NaN,NaN,NaN,NaN,NaN,NaN,NaN,NaN,NaN,NaN,NaN,NaN,NaN,NaN,NaN,NaN,NaN,NaN,NaN,NaN
14101,NaN,NaN,NaN,NaN,NaN,0.0152811785231935,NaN,NaN,NaN,NaN,0.0226406923877858,NaN,0.0110749041734447,NaN,NaN,0.0156035982530226,NaN,0.00433959644655305,NaN,0.0253464395653373,0.180832962505816,NaN,NaN,NaN,NaN,NaN,NaN,NaN,NaN,NaN,NaN,NaN,NaN,NaN,NaN,NaN,NaN,NaN,NaN,NaN,NaN,NaN,NaN,NaN,NaN,NaN,NaN,NaN,NaN,NaN,NaN,NaN
14401,NaN,NaN,NaN,NaN,NaN,0.0113939611871714,NaN,NaN,NaN,NaN,0.00636886002541948,NaN,0.010960140585305,NaN,NaN,0.0271559639311408,NaN,0.0116681410336843,NaN,0.0167290967554279,0.00916654218236292,NaN,NaN,NaN,NaN,NaN,NaN,NaN,NaN,NaN,NaN,NaN,NaN,NaN,NaN,NaN,NaN,NaN,NaN,NaN,NaN,NaN,NaN,NaN,NaN,NaN,NaN,NaN,NaN,NaN,NaN,NaN
14701,NaN,NaN,NaN,NaN,NaN,0.00395149811927822,NaN,NaN,NaN,NaN,0.0103332804395377,NaN,0.0134685299169829,NaN,NaN,0.00627383069302304,NaN,0.00865089928650326,NaN,0.013713201548994,0.105565807199992,NaN,NaN,NaN,NaN,NaN,NaN,NaN,NaN,NaN,NaN,NaN,NaN,NaN,NaN,NaN,NaN,NaN,NaN,NaN,NaN,NaN,NaN,NaN,NaN,NaN,NaN,NaN,NaN,NaN,NaN,NaN
15001,NaN,NaN,NaN,NaN,NaN,0.0125240769155207,NaN,NaN,NaN,NaN,0.0228876098014607,NaN,0.177363994394748,NaN,NaN,0.0959957359768741,NaN,0.104942172718742,NaN,0.101102328918376,0.0955608722489086,NaN,NaN,NaN,NaN,NaN,NaN,NaN,NaN,NaN,NaN,NaN,NaN,NaN,NaN,NaN,NaN,NaN,NaN,NaN,NaN,NaN,NaN,NaN,NaN,NaN,NaN,NaN,NaN,NaN,NaN,NaN
15301,NaN,NaN,NaN,NaN,NaN,0.00935846530456346,NaN,NaN,NaN,NaN,0.00751758540156164,NaN,NaN,NaN,NaN,0.0100258944937465,NaN,0.00271119883865158,NaN,0.00949525533581189,0.00883384726554892,NaN,NaN,NaN,NaN,NaN,NaN,NaN,NaN,NaN,NaN,NaN,NaN,NaN,NaN,NaN,NaN,NaN,NaN,NaN,NaN,NaN,NaN,NaN,NaN,NaN,NaN,NaN,NaN,NaN,NaN,NaN
15601,NaN,NaN,NaN,NaN,NaN,0.0405066089740931,NaN,NaN,NaN,NaN,0.0126100787408413,0,0.00947983769762831,NaN,NaN,0.0183908029553573,NaN,0.0047548983594225,NaN,0.0197483251936087,0.00314616600904975,NaN,NaN,NaN,NaN,NaN,NaN,NaN,NaN,NaN,NaN,NaN,NaN,NaN,NaN,NaN,NaN,NaN,NaN,NaN,NaN,NaN,NaN,NaN,NaN,NaN,NaN,NaN,NaN,NaN,NaN,NaN
15901,NaN,NaN,NaN,NaN,0.0132672221435219,0.010823924280662,NaN,NaN,NaN,NaN,0.0540993236830902,0.046836452595046,0.00978385470237538,NaN,NaN,0.00848505259327382,NaN,0.0266310831651632,NaN,0.0128937602877109,0.0109575490423643,NaN,NaN,NaN,NaN,NaN,NaN,NaN,NaN,NaN,NaN,NaN,NaN,NaN,NaN,NaN,NaN,NaN,NaN,NaN,NaN,NaN,NaN,NaN,NaN,NaN,NaN,NaN,NaN,NaN,NaN,NaN
16201,NaN,NaN,NaN,NaN,0.0153284235800585,0.0122326400908551,NaN,NaN,NaN,NaN,0.0635996511200428,0.0299031212065594,0.0148710322452682,NaN,NaN,0.0192409676069438,NaN,0.012029493312123,NaN,0.00883948962388222,0.0319119432057574,NaN,NaN,NaN,NaN,NaN,NaN,NaN,NaN,NaN,NaN,NaN,NaN,NaN,NaN,NaN,NaN,NaN,NaN,NaN,NaN,NaN,NaN,NaN,NaN,NaN,NaN,NaN,NaN,NaN,NaN,NaN
16501,NaN,NaN,NaN,NaN,0.0168326600085577,0.0216142508313207,NaN,NaN,NaN,NaN,0.0330328561244315,0.0155407253307034,0.0286914322125025,NaN,NaN,0.00900955403811122,NaN,0.00803468443709593,NaN,0.0109887232215549,0.0344094113816081,NaN,NaN,NaN,NaN,NaN,NaN,NaN,NaN,NaN,NaN,NaN,NaN,NaN,NaN,NaN,NaN,NaN,NaN,NaN,NaN,NaN,NaN,NaN,NaN,NaN,NaN,NaN,NaN,NaN,NaN,NaN
16801,NaN,NaN,NaN,NaN,0.0247602834526023,0.0381953308998825,NaN,NaN,NaN,NaN,0.00929078143956593,0.0182712684705819,0.0341058843248553,NaN,NaN,0.0105902641399969,NaN,0.0109261255439737,NaN,0.0132631614698814,0.0132363154631538,NaN,NaN,NaN,NaN,NaN,NaN,NaN,NaN,NaN,NaN,NaN,NaN,NaN,NaN,NaN,NaN,NaN,NaN,NaN,NaN,NaN,NaN,NaN,NaN,NaN,NaN,NaN,NaN,NaN,NaN,NaN
17101,NaN,NaN,NaN,NaN,0.0224172809259238,0.0107174998558902,NaN,NaN,NaN,NaN,0.0178248033199874,0.0145185443729457,0.0267627926006243,NaN,NaN,0.00983854738946043,NaN,0.00429955863376732,NaN,0.00622884465263861,0.0135060131653497,NaN,NaN,NaN,NaN,NaN,NaN,NaN,NaN,NaN,NaN,NaN,NaN,NaN,NaN,NaN,NaN,NaN,NaN,NaN,NaN,NaN,NaN,NaN,NaN,NaN,NaN,NaN,NaN,NaN,NaN,NaN
17401,NaN,NaN,NaN,NaN,0.0156122877387269,0.181393218566829,NaN,NaN,NaN,NaN,0.00951492487734452,0.0267282585669794,0.0273212814031155,NaN,NaN,0.00992100984050342,NaN,0.013014084923094,NaN,0.0150903154992777,0.0132318223798602,NaN,NaN,NaN,NaN,NaN,NaN,NaN,NaN,NaN,NaN,NaN,NaN,NaN,NaN,NaN,NaN,NaN,NaN,NaN,NaN,NaN,NaN,NaN,NaN,NaN,NaN,NaN,NaN,NaN,NaN,NaN
17701,NaN,NaN,NaN,NaN,0.0113144533242957,0.0916131098607054,NaN,NaN,NaN,NaN,0.0192746771170817,0.00878734328375483,0.0251519915049769,NaN,NaN,0.0359500358238741,NaN,0.0245949243610108,NaN,0.0165157574598072,0.0243271972096431,NaN,NaN,NaN,NaN,NaN,NaN,NaN,NaN,NaN,NaN,NaN,NaN,NaN,NaN,NaN,NaN,NaN,NaN,NaN,NaN,NaN,NaN,NaN,NaN,NaN,NaN,NaN,NaN,NaN,NaN,NaN
18001,NaN,NaN,NaN,NaN,0.00721264906334018,0.0304110973691489,NaN,NaN,NaN,NaN,0.0285385186616519,0.0184620931882495,0.00437741942910366,NaN,NaN,0.0219917674039668,NaN,0.0116252600833825,NaN,0.0113607539817853,0.0181539706896362,NaN,NaN,NaN,NaN,NaN,NaN,NaN,NaN,NaN,NaN,NaN,NaN,NaN,NaN,NaN,NaN,NaN,NaN,NaN,NaN,NaN,NaN,NaN,NaN,NaN,NaN,NaN,NaN,NaN,NaN,NaN
18301,NaN,NaN,NaN,NaN,0.0134507198399802,0.0140785674584266,NaN,NaN,NaN,NaN,0.0293700901475663,0.0371567308130333,NaN,NaN,NaN,0.0265926300032272,NaN,0.0140712591631524,NaN,0.00531584820713622,0.0113306951670236,NaN,NaN,NaN,NaN,NaN,NaN,NaN,NaN,NaN,NaN,NaN,NaN,NaN,NaN,NaN,NaN,NaN,NaN,NaN,NaN,NaN,NaN,NaN,NaN,NaN,NaN,NaN,NaN,NaN,NaN,NaN
18601,NaN,NaN,NaN,NaN,0.0165811398715788,0.0111891109886793,NaN,NaN,NaN,NaN,0.0257373144633465,0.00485200668499486,NaN,NaN,NaN,0.0124362897162238,NaN,0.0189573109807319,NaN,0.00626995814423245,0.0105324815750548,NaN,NaN,NaN,NaN,NaN,NaN,NaN,NaN,NaN,NaN,NaN,NaN,NaN,NaN,NaN,NaN,NaN,NaN,NaN,NaN,NaN,NaN,NaN,NaN,NaN,NaN,NaN,NaN,NaN,NaN,NaN
18901,NaN,NaN,NaN,NaN,0.015431728890355,0.132067725510318,NaN,NaN,NaN,NaN,0.0412318882209604,0.00896652567606087,NaN,NaN,NaN,0.0248356715897896,NaN,0.00640266867757629,NaN,0.0171344768486761,0.0154784709424769,NaN,NaN,NaN,NaN,NaN,NaN,NaN,NaN,NaN,NaN,NaN,NaN,NaN,NaN,NaN,NaN,NaN,NaN,NaN,NaN,NaN,NaN,NaN,NaN,NaN,NaN,NaN,NaN,NaN,NaN,NaN
19201,NaN,NaN,NaN,NaN,0.0171487349964899,0.0992810273951671,NaN,NaN,NaN,NaN,0.0183854315343713,0.013806932589273,NaN,NaN,NaN,0.00989721100327891,NaN,0.0152218407647148,NaN,0.015447504795828,0.0164246731912652,NaN,NaN,NaN,NaN,NaN,NaN,NaN,NaN,NaN,NaN,NaN,NaN,NaN,NaN,NaN,NaN,NaN,NaN,NaN,NaN,NaN,NaN,NaN,NaN,NaN,NaN,NaN,NaN,NaN,NaN,NaN
19501,NaN,NaN,NaN,NaN,0.0179000880319624,0.0466115878409551,NaN,NaN,NaN,NaN,0.0321052514417394,0.0138430004797494,NaN,NaN,NaN,0.0176671962647227,NaN,0.0172533060118502,NaN,0.0192675399692655,0.0173854606840898,NaN,NaN,NaN,NaN,NaN,NaN,NaN,NaN,NaN,NaN,NaN,NaN,NaN,NaN,NaN,NaN,NaN,NaN,NaN,NaN,NaN,NaN,NaN,NaN,NaN,NaN,NaN,NaN,NaN,NaN,NaN
19801,NaN,NaN,NaN,NaN,0.0132492526142144,0.0105709901929387,NaN,NaN,NaN,NaN,0.018800592755001,0.00789178832367116,NaN,NaN,NaN,0.0118444963841278,NaN,0.0132696411722144,NaN,0.0109369169877589,0.0127725429406737,NaN,NaN,NaN,NaN,NaN,NaN,NaN,NaN,NaN,NaN,NaN,NaN,NaN,NaN,NaN,NaN,NaN,NaN,NaN,NaN,NaN,NaN,NaN,NaN,NaN,NaN,NaN,NaN,NaN,NaN,NaN
20101,NaN,NaN,NaN,NaN,0.00528073465452855,0.0115269565917309,NaN,NaN,NaN,NaN,0.0162357365839565,0.0157101664414956,NaN,NaN,NaN,0.00878434351843898,NaN,0.0194047761669779,NaN,0.0180614727272973,0.0323873783924654,NaN,NaN,NaN,NaN,NaN,NaN,NaN,NaN,NaN,NaN,NaN,NaN,NaN,NaN,NaN,NaN,NaN,NaN,NaN,NaN,NaN,NaN,NaN,NaN,NaN,NaN,NaN,NaN,NaN,NaN,NaN
20401,NaN,NaN,NaN,NaN,0.0162657097383455,0.217550920884157,NaN,NaN,NaN,NaN,0.0383709898090719,0.0064648254204944,NaN,NaN,NaN,0.0194225783525421,NaN,0.0229756316768885,NaN,0.0179910584844861,0.0204311281439286,NaN,NaN,NaN,NaN,NaN,NaN,NaN,NaN,NaN,NaN,NaN,NaN,NaN,NaN,NaN,NaN,NaN,NaN,NaN,NaN,NaN,NaN,NaN,NaN,NaN,NaN,NaN,NaN,NaN,NaN,NaN
20701,NaN,NaN,NaN,NaN,0.00909534105277744,0.131028115573478,NaN,NaN,NaN,NaN,0.0156535398902836,0.0131664396981974,NaN,NaN,NaN,0.0136246489080537,NaN,0.0217433092968164,NaN,0.0288499423270766,0.0186565067748079,NaN,NaN,NaN,NaN,NaN,NaN,NaN,NaN,NaN,NaN,NaN,NaN,NaN,NaN,NaN,NaN,NaN,NaN,NaN,NaN,NaN,NaN,NaN,NaN,NaN,NaN,NaN,NaN,NaN,NaN,NaN
21001,NaN,NaN,NaN,NaN,0.0135802423457525,0.0234777376340965,NaN,NaN,NaN,NaN,0.0179924730419687,0.0142048350012953,NaN,NaN,NaN,0.0125847454653874,NaN,0.0175035284357151,NaN,0.0188330506882376,NaN,NaN,NaN,NaN,NaN,NaN,NaN,NaN,NaN,NaN,NaN,NaN,NaN,NaN,NaN,NaN,NaN,NaN,NaN,NaN,NaN,NaN,NaN,NaN,NaN,NaN,NaN,NaN,NaN,NaN,NaN,NaN
21301,NaN,NaN,NaN,NaN,0.012991265158666,0.00610707846941481,NaN,NaN,NaN,NaN,0.0862669948163136,0.0258504858470742,NaN,NaN,NaN,0.00878433636878728,NaN,0.0195230106387886,0.0236016915795289,0.00650490996370342,NaN,NaN,NaN,NaN,NaN,NaN,NaN,NaN,NaN,NaN,NaN,NaN,NaN,NaN,NaN,NaN,NaN,NaN,NaN,NaN,NaN,NaN,NaN,NaN,NaN,NaN,NaN,NaN,NaN,NaN,NaN,NaN
21601,NaN,NaN,NaN,NaN,0.00879703909745726,0.0580205130888042,NaN,NaN,NaN,NaN,0.0107685672216919,0.0328580297676137,NaN,NaN,NaN,0.0141256974702272,NaN,0.0112060135432297,0.0839130299745102,0.0289590435391923,NaN,NaN,NaN,0.0348403871926609,NaN,NaN,NaN,NaN,NaN,NaN,NaN,NaN,NaN,NaN,NaN,NaN,NaN,NaN,NaN,NaN,NaN,NaN,NaN,NaN,NaN,NaN,NaN,NaN,NaN,NaN,NaN,NaN
21901,NaN,NaN,NaN,NaN,0.0158856646819394,0.0457454150224147,NaN,NaN,NaN,NaN,0.0166495374097944,0.0104618823678783,NaN,NaN,NaN,0.0434985511085541,NaN,0.0209025191436832,0.0917263587134162,0.0127543886813984,NaN,NaN,NaN,0.0403424828329366,NaN,NaN,NaN,NaN,NaN,NaN,NaN,NaN,NaN,NaN,NaN,NaN,NaN,NaN,NaN,NaN,NaN,NaN,NaN,NaN,NaN,NaN,NaN,NaN,NaN,NaN,NaN,NaN
22201,NaN,NaN,NaN,NaN,0.00684984595663099,0.0264360822862482,NaN,NaN,NaN,NaN,0.0105829244470676,0.0196093189901375,NaN,NaN,NaN,0.0264143752199522,NaN,0.016105911637889,0.0465021716644842,0.00720949755389819,NaN,NaN,NaN,0.0175747605091676,NaN,NaN,NaN,NaN,NaN,NaN,NaN,NaN,NaN,NaN,NaN,NaN,NaN,NaN,NaN,NaN,NaN,NaN,NaN,NaN,NaN,NaN,NaN,NaN,NaN,NaN,NaN,NaN
22501,NaN,NaN,NaN,NaN,0.0167998649276451,0.0300274560818513,NaN,NaN,NaN,NaN,0.0050124872109637,0.0154659107086279,NaN,NaN,NaN,NaN,NaN,0.0131437849376968,0.0641310604673956,0.00659056875764109,NaN,NaN,NaN,0.0454286060554687,NaN,NaN,NaN,NaN,NaN,NaN,NaN,NaN,NaN,NaN,NaN,NaN,NaN,NaN,NaN,NaN,NaN,NaN,NaN,NaN,NaN,NaN,NaN,NaN,NaN,NaN,NaN,NaN
22801,NaN,NaN,NaN,NaN,0.0218735627619677,0.0470800665744405,NaN,NaN,NaN,NaN,0.00493331533672286,0.0164547186717772,NaN,NaN,NaN,NaN,NaN,0.0159415637116517,0.015294636241243,0.00599970437121733,NaN,NaN,NaN,0.0816041543490779,NaN,NaN,NaN,NaN,NaN,NaN,NaN,NaN,NaN,NaN,NaN,NaN,NaN,NaN,NaN,NaN,NaN,NaN,NaN,NaN,NaN,NaN,NaN,NaN,NaN,NaN,NaN,NaN
23101,NaN,NaN,NaN,NaN,0.00666371866690172,0.0168255899465016,NaN,NaN,NaN,NaN,0.0202219335643113,0.0373504439100531,NaN,NaN,NaN,NaN,NaN,0.00604975826917525,0.0159616270169278,0.0109816178721129,NaN,NaN,NaN,0.0262749730506604,NaN,NaN,NaN,NaN,NaN,NaN,NaN,NaN,NaN,NaN,NaN,NaN,NaN,NaN,NaN,NaN,NaN,NaN,NaN,NaN,NaN,NaN,NaN,NaN,NaN,NaN,NaN,NaN
23401,NaN,NaN,NaN,NaN,0.000931456851282943,0.0148496060051557,NaN,NaN,NaN,NaN,0.0123536455398181,0.0378867262645379,NaN,NaN,NaN,NaN,NaN,0.0207150250570987,0.0544504986079914,0.0129656014580809,NaN,NaN,NaN,0.0124633902621695,NaN,NaN,NaN,NaN,NaN,NaN,NaN,NaN,NaN,NaN,NaN,NaN,NaN,NaN,NaN,NaN,NaN,NaN,NaN,NaN,NaN,NaN,NaN,NaN,NaN,NaN,NaN,NaN
23701,NaN,NaN,NaN,NaN,0.0219674572391747,0.0118838571169958,NaN,NaN,NaN,NaN,0.0253971189103938,0.0270605465281409,NaN,0.00492004410340944,NaN,NaN,NaN,0.0108233997301616,0.00694918045926328,0.010779828793754,NaN,NaN,NaN,0.0599792519103264,NaN,NaN,NaN,NaN,NaN,NaN,NaN,NaN,NaN,NaN,NaN,NaN,NaN,NaN,NaN,NaN,NaN,NaN,NaN,NaN,NaN,NaN,NaN,NaN,NaN,NaN,NaN,NaN
24001,NaN,NaN,NaN,NaN,0.00763623568580963,0.054595523716994,NaN,NaN,NaN,NaN,0.0277023039144233,0.0270526181148592,NaN,0.0159137664036321,NaN,NaN,NaN,0.0159674596260599,0.024592312345751,0.0259622387095099,NaN,NaN,NaN,0.0216085233300542,NaN,NaN,NaN,NaN,NaN,NaN,NaN,NaN,NaN,NaN,NaN,NaN,NaN,NaN,NaN,NaN,NaN,NaN,NaN,NaN,NaN,NaN,NaN,NaN,NaN,NaN,NaN,NaN
24301,NaN,NaN,NaN,NaN,0.021231674197425,0.0359249437050528,NaN,NaN,NaN,NaN,0.0106107589056148,0.0104184186230495,NaN,0.0135951664888012,NaN,NaN,NaN,0.00441457245726565,0.00930926380343686,0.0220234508374475,NaN,NaN,NaN,0.0148741191869892,NaN,NaN,NaN,NaN,NaN,NaN,NaN,NaN,NaN,NaN,NaN,NaN,NaN,NaN,NaN,NaN,NaN,NaN,NaN,NaN,NaN,NaN,NaN,NaN,NaN,NaN,NaN,NaN
24601,NaN,NaN,NaN,NaN,0.0083304982964803,0.0380654858895184,NaN,NaN,NaN,NaN,0.0250143281170821,0.00620447829993225,NaN,0.0209624988775493,NaN,NaN,NaN,0.0210499354420766,0.0131049303263354,0.0132895007981752,NaN,NaN,NaN,0.0389538236554308,NaN,NaN,NaN,NaN,NaN,NaN,NaN,NaN,NaN,NaN,NaN,NaN,NaN,NaN,NaN,NaN,NaN,NaN,NaN,NaN,NaN,NaN,NaN,NaN,NaN,NaN,NaN,NaN
24901,NaN,NaN,NaN,NaN,0.0080667532648828,0.0289807192384132,NaN,NaN,NaN,NaN,0.0505757549244955,0.0156946373942769,NaN,0.0154313687267824,NaN,NaN,NaN,0.014059819920535,0.0109320252501249,0.00987285597040979,NaN,NaN,NaN,0.0315803566765215,NaN,NaN,NaN,NaN,NaN,NaN,NaN,NaN,NaN,NaN,NaN,NaN,NaN,NaN,NaN,NaN,NaN,NaN,NaN,NaN,NaN,NaN,NaN,NaN,NaN,NaN,NaN,NaN
25201,NaN,NaN,NaN,NaN,0.00591604247791433,NaN,NaN,NaN,NaN,NaN,0.0356253132893302,0.00853411787173917,NaN,0.0206540325423801,NaN,NaN,NaN,0.0319104084646179,NaN,0.0125737088944903,NaN,NaN,NaN,0.0227149695882898,NaN,NaN,NaN,NaN,NaN,NaN,NaN,NaN,NaN,NaN,NaN,NaN,NaN,NaN,NaN,NaN,NaN,NaN,NaN,NaN,NaN,NaN,NaN,NaN,NaN,NaN,NaN,NaN
25501,NaN,NaN,NaN,NaN,0.0148346376273797,NaN,NaN,NaN,NaN,NaN,0.0662153630331099,0.00253601557565413,NaN,0.0211942248737907,NaN,NaN,NaN,0.0123585227733615,0.0141010312756564,0.00608455627174057,NaN,NaN,NaN,0.0553652150250851,NaN,NaN,NaN,NaN,NaN,NaN,NaN,NaN,NaN,NaN,NaN,NaN,NaN,NaN,NaN,NaN,NaN,NaN,NaN,NaN,NaN,NaN,NaN,NaN,NaN,NaN,NaN,NaN
25801,NaN,NaN,NaN,NaN,0.0149953681083717,NaN,NaN,NaN,NaN,NaN,0.0245270028268381,0.00390688771961732,NaN,0.0133137196715912,NaN,NaN,NaN,0.00890106677018869,NaN,0.0119264716894639,NaN,NaN,NaN,0.0155921801467293,NaN,NaN,NaN,0.0314858775713153,NaN,NaN,NaN,NaN,NaN,NaN,NaN,NaN,NaN,NaN,NaN,NaN,NaN,NaN,NaN,NaN,NaN,NaN,NaN,NaN,NaN,NaN,NaN,NaN
26101,NaN,NaN,NaN,NaN,0.0160519969571436,NaN,NaN,NaN,NaN,NaN,0.0308205037281408,0.0243117052856985,NaN,0.0109572265602813,NaN,NaN,NaN,0.0406910789450676,0.0170228355008637,0.0179557268546531,NaN,NaN,NaN,0.0461659445006814,NaN,NaN,NaN,0.0601960650319072,NaN,NaN,NaN,NaN,NaN,NaN,NaN,NaN,NaN,NaN,NaN,NaN,NaN,NaN,NaN,NaN,NaN,NaN,NaN,NaN,NaN,NaN,NaN,NaN
26401,NaN,NaN,NaN,NaN,0.015603814584788,NaN,NaN,NaN,NaN,NaN,0.0167395366758832,0.0153365270121427,NaN,0.0113152344813697,NaN,NaN,NaN,0.0359336449164851,0.0209040170024408,0.0228917193161017,NaN,NaN,NaN,0.018073855073529,NaN,NaN,NaN,0.0405926729470971,NaN,NaN,NaN,NaN,NaN,NaN,NaN,NaN,NaN,NaN,NaN,NaN,NaN,NaN,NaN,NaN,NaN,NaN,NaN,NaN,NaN,NaN,NaN,NaN
26701,NaN,NaN,NaN,NaN,0.0177314596141752,NaN,NaN,NaN,NaN,NaN,0.0331733661481604,0.00305133348104357,NaN,0.0190627575900499,NaN,NaN,NaN,0.0282387431696406,0.0285681886635118,0.12980664089662,NaN,NaN,NaN,0.0763108823355652,NaN,NaN,NaN,0.0588716061422475,NaN,NaN,NaN,NaN,NaN,NaN,NaN,NaN,NaN,NaN,NaN,NaN,NaN,NaN,NaN,NaN,NaN,NaN,NaN,NaN,NaN,NaN,NaN,NaN
27001,NaN,NaN,NaN,NaN,0.0192814783254578,NaN,NaN,NaN,NaN,NaN,0.0387733215448525,0.00765854090849158,NaN,0.0155628224854808,NaN,NaN,NaN,NaN,0.0191232666281271,0.0203834519575228,NaN,NaN,NaN,0.0352368296728818,NaN,NaN,NaN,0.0431318774134625,NaN,NaN,NaN,NaN,NaN,NaN,NaN,NaN,NaN,NaN,NaN,NaN,NaN,NaN,NaN,NaN,NaN,NaN,NaN,NaN,NaN,NaN,NaN,NaN
27301,NaN,NaN,NaN,NaN,0.0283988054469465,NaN,NaN,NaN,NaN,NaN,0.0575210755816816,0.0142766816884417,NaN,0.0127362666690045,NaN,NaN,NaN,NaN,0.0235380449076366,0.00814744036062687,NaN,NaN,NaN,0.0158129654534128,NaN,NaN,NaN,0.121035355223375,NaN,NaN,NaN,NaN,NaN,NaN,NaN,NaN,NaN,NaN,NaN,NaN,NaN,NaN,NaN,NaN,NaN,NaN,NaN,NaN,NaN,NaN,NaN,NaN
27601,NaN,NaN,NaN,NaN,0.0230073082334014,NaN,NaN,NaN,NaN,NaN,0.0683006183111497,0.0158001753964101,NaN,0.0135008874770039,NaN,NaN,NaN,NaN,0.0271117978544665,0.0228815652103772,NaN,NaN,NaN,0.0254587408257887,NaN,NaN,NaN,0.0655486915465589,NaN,NaN,NaN,NaN,NaN,NaN,NaN,NaN,NaN,NaN,NaN,NaN,NaN,NaN,NaN,NaN,NaN,NaN,NaN,NaN,NaN,NaN,NaN,NaN
27901,NaN,NaN,NaN,NaN,0.021739857390788,NaN,NaN,NaN,NaN,NaN,0.0608975188756626,0.0117873304137517,NaN,0.0255156731158272,NaN,NaN,NaN,NaN,0.0227784759172919,0.0244876331265147,NaN,NaN,NaN,0.0213828908614947,NaN,NaN,NaN,0.0225951441446878,NaN,NaN,NaN,NaN,NaN,NaN,NaN,NaN,NaN,NaN,NaN,NaN,NaN,NaN,NaN,NaN,NaN,NaN,NaN,NaN,NaN,NaN,NaN,NaN
28201,NaN,NaN,NaN,NaN,0.0359031058162459,NaN,NaN,NaN,NaN,NaN,0.0547035888908682,0.00999953576175679,NaN,0.0283394851192632,NaN,NaN,NaN,NaN,0.0153202645595415,0.0407192401755134,NaN,NaN,NaN,0.0161865259478182,NaN,NaN,NaN,0.0398119850449865,NaN,NaN,NaN,NaN,NaN,NaN,NaN,NaN,NaN,NaN,NaN,NaN,NaN,NaN,NaN,NaN,NaN,NaN,NaN,NaN,NaN,NaN,NaN,NaN
28501,NaN,NaN,NaN,NaN,0.0256655887434327,NaN,NaN,NaN,NaN,NaN,0.0126617429290866,0.0060047017635561,NaN,0.0337010328200439,NaN,NaN,NaN,NaN,0.0345692625853996,0.0238771434306681,NaN,NaN,NaN,0.00909744928523863,NaN,NaN,NaN,0.0495868238293581,NaN,NaN,NaN,NaN,NaN,NaN,NaN,NaN,NaN,NaN,NaN,NaN,NaN,NaN,NaN,NaN,NaN,NaN,NaN,NaN,NaN,NaN,NaN,NaN
28801,NaN,NaN,NaN,NaN,0.0318686189635133,NaN,NaN,NaN,NaN,NaN,0.0211949051908551,0.0166730374714711,NaN,0.0416459417570947,NaN,NaN,NaN,NaN,0.0223949419737728,0.0331366258879739,NaN,NaN,NaN,0.0297157498362876,NaN,NaN,NaN,0.0227127057630033,NaN,NaN,NaN,NaN,NaN,NaN,NaN,NaN,NaN,NaN,NaN,NaN,NaN,NaN,NaN,NaN,NaN,NaN,NaN,NaN,NaN,NaN,NaN,NaN
29101,NaN,NaN,NaN,NaN,0.018351946493185,NaN,NaN,NaN,NaN,NaN,0.0242008999905755,0.00656982381580161,NaN,0.0229687424725832,NaN,NaN,NaN,NaN,0.0196132499701679,0.0152248758904888,NaN,NaN,NaN,0.0148457351798692,NaN,NaN,NaN,0.0174679704169662,NaN,NaN,NaN,NaN,NaN,NaN,NaN,NaN,NaN,NaN,NaN,NaN,NaN,NaN,NaN,NaN,NaN,NaN,NaN,NaN,NaN,NaN,NaN,NaN
29401,NaN,NaN,NaN,NaN,0.02007641090527,NaN,NaN,NaN,NaN,NaN,0.038533904388096,0.0145557456551598,NaN,0.0265197986854889,NaN,NaN,NaN,NaN,0.0138161878963369,0.0409041229451817,NaN,NaN,NaN,0.0246904314554794,NaN,NaN,NaN,0.0100092625529379,NaN,NaN,NaN,NaN,NaN,NaN,NaN,NaN,NaN,NaN,NaN,NaN,NaN,NaN,NaN,NaN,NaN,NaN,NaN,NaN,NaN,NaN,NaN,NaN
29701,NaN,NaN,NaN,NaN,0.0384256538374441,NaN,NaN,NaN,NaN,NaN,0.0107134448912223,0.0151748539722064,NaN,0.0136597520901528,NaN,NaN,NaN,NaN,0.0101138777228906,0.0420875913399991,NaN,NaN,NaN,0.0259385730184564,NaN,NaN,NaN,0.0324526375363427,NaN,NaN,NaN,NaN,NaN,NaN,NaN,NaN,NaN,NaN,NaN,NaN,NaN,NaN,NaN,NaN,NaN,NaN,NaN,NaN,NaN,NaN,NaN,NaN
30001,NaN,NaN,NaN,NaN,0.0122701490606894,NaN,NaN,NaN,NaN,NaN,0.0184958827360642,0.0368966544077686,NaN,0.0248727104707861,NaN,NaN,NaN,NaN,0.031427340938844,0.0166003997884912,NaN,NaN,NaN,0.0277313588018257,NaN,NaN,NaN,0.146549040199691,NaN,NaN,NaN,NaN,NaN,NaN,NaN,NaN,NaN,NaN,NaN,NaN,NaN,NaN,NaN,NaN,NaN,NaN,NaN,NaN,NaN,NaN,NaN,NaN
30301,NaN,NaN,NaN,NaN,0.037768067795614,NaN,NaN,NaN,NaN,NaN,0.0147742960909444,0.0157300552566755,NaN,0.0388799849561739,NaN,NaN,NaN,NaN,0.0180955348283052,0.0208277581190125,NaN,NaN,NaN,0.0204949502605574,NaN,NaN,NaN,0.0274072652800079,NaN,NaN,NaN,NaN,NaN,NaN,NaN,NaN,NaN,NaN,NaN,NaN,NaN,NaN,NaN,NaN,NaN,NaN,NaN,NaN,NaN,NaN,NaN,NaN
30601,NaN,NaN,NaN,NaN,0.00558367013530902,NaN,NaN,NaN,NaN,NaN,0.0284081969384738,0.0125829283340431,NaN,0.0224766032708288,NaN,NaN,NaN,NaN,0.0260601636689508,0.0145162668389117,NaN,NaN,NaN,0.0177180387168914,NaN,NaN,NaN,0.0190332690711755,NaN,NaN,NaN,NaN,NaN,NaN,NaN,NaN,NaN,NaN,NaN,NaN,NaN,NaN,NaN,NaN,NaN,NaN,NaN,NaN,NaN,NaN,NaN,NaN
30901,NaN,NaN,NaN,NaN,0.0182452723799512,NaN,NaN,NaN,NaN,NaN,0.010419370960999,0.0246792111374537,NaN,0.033826850161598,NaN,NaN,NaN,NaN,0.0148594531805835,0.0275908178223617,NaN,NaN,NaN,0.0240326869863709,NaN,NaN,NaN,0.0165473011043802,NaN,NaN,NaN,NaN,NaN,NaN,NaN,NaN,NaN,NaN,NaN,NaN,NaN,NaN,NaN,NaN,NaN,NaN,NaN,NaN,NaN,NaN,NaN,NaN
31201,NaN,NaN,NaN,NaN,0.015510140034022,NaN,NaN,NaN,NaN,NaN,0.0275306320622592,0.0135941956132882,NaN,0.0404604552833632,NaN,NaN,NaN,NaN,0.0109617335802739,NaN,NaN,0,NaN,0.052425547160171,NaN,NaN,NaN,0.0667692778392272,NaN,NaN,NaN,NaN,NaN,NaN,NaN,NaN,NaN,NaN,NaN,NaN,NaN,NaN,NaN,NaN,NaN,NaN,NaN,NaN,NaN,NaN,NaN,NaN
31501,NaN,NaN,NaN,NaN,0.0156090971980816,NaN,NaN,NaN,NaN,NaN,0.0277067244324978,0.00899945182251339,NaN,0.0206481720859646,NaN,NaN,NaN,NaN,0.0180729650488593,0.0282673131528966,NaN,0.0281982469439554,0.01981813672505,0.0164721948341633,NaN,NaN,NaN,0.0631652011952172,NaN,NaN,NaN,NaN,NaN,NaN,NaN,NaN,NaN,NaN,NaN,NaN,NaN,NaN,NaN,NaN,NaN,NaN,NaN,NaN,NaN,NaN,NaN,NaN
31801,NaN,NaN,NaN,NaN,0.01957399595132,NaN,NaN,NaN,NaN,NaN,0.0225015731718327,NaN,NaN,0.0268019932071438,NaN,NaN,NaN,NaN,0.0276538888744315,0.0611270720189959,NaN,0.0120895427053027,0.0109744851538115,0.0480032183687972,NaN,NaN,NaN,0.0848618557827749,NaN,NaN,NaN,NaN,NaN,NaN,NaN,NaN,NaN,NaN,NaN,NaN,NaN,NaN,NaN,NaN,NaN,NaN,NaN,NaN,NaN,NaN,NaN,NaN
32101,NaN,NaN,NaN,NaN,0.0101994890835651,NaN,NaN,NaN,NaN,NaN,0.0391566690114905,NaN,NaN,0.0194129315477587,NaN,NaN,NaN,NaN,0.0102225962614221,0.0385097491020398,NaN,0.0171406847562179,0.00550893869413127,NaN,NaN,NaN,NaN,0.0337741416167717,NaN,NaN,NaN,NaN,NaN,NaN,NaN,NaN,NaN,NaN,NaN,NaN,NaN,NaN,NaN,NaN,NaN,NaN,NaN,NaN,NaN,NaN,NaN,NaN
32401,NaN,NaN,NaN,NaN,0.0201422208088246,NaN,NaN,NaN,NaN,NaN,0.0317512108257679,NaN,NaN,0.0389841633763504,NaN,NaN,0,NaN,0.0157240500181284,0.0376609946206221,NaN,0.0222994860313247,0.0182660475742546,NaN,NaN,NaN,NaN,0.00837205960655442,NaN,NaN,NaN,NaN,NaN,NaN,NaN,NaN,NaN,NaN,NaN,NaN,NaN,NaN,NaN,NaN,NaN,NaN,NaN,NaN,NaN,NaN,NaN,NaN
32701,NaN,NaN,NaN,NaN,0.03671589818597,NaN,NaN,NaN,NaN,NaN,0.0361408532976987,NaN,NaN,0.0299240874919001,NaN,NaN,0.0792579982453476,NaN,0.00717383752392459,0.0355666430804644,NaN,0.0285982631724001,0.0122006482078344,NaN,NaN,NaN,NaN,0.0264155200768198,NaN,NaN,NaN,NaN,NaN,NaN,NaN,NaN,NaN,NaN,NaN,NaN,NaN,NaN,NaN,NaN,NaN,NaN,NaN,NaN,NaN,NaN,NaN,NaN
33001,NaN,NaN,NaN,NaN,0.0368279615048323,NaN,NaN,NaN,NaN,NaN,0.0225589005703099,NaN,NaN,0.0349569791059416,NaN,NaN,0.0377566077785823,NaN,0.017384860068768,NaN,NaN,0.0323338094285382,0.0236844664565726,NaN,NaN,NaN,NaN,0.0199568628365373,NaN,NaN,NaN,NaN,NaN,NaN,NaN,NaN,NaN,NaN,NaN,NaN,NaN,NaN,NaN,NaN,NaN,NaN,NaN,NaN,NaN,NaN,NaN,NaN
33301,NaN,NaN,NaN,NaN,0.0284752516988787,NaN,NaN,NaN,NaN,NaN,0.0228809446711343,NaN,NaN,0.0243496169623118,NaN,NaN,0.041290684809342,NaN,0.0210310057620758,NaN,NaN,0.0276871233660732,0.00740035963612697,NaN,NaN,NaN,NaN,0.0182195477969908,NaN,NaN,NaN,NaN,NaN,NaN,NaN,NaN,NaN,NaN,NaN,NaN,NaN,NaN,NaN,NaN,NaN,NaN,NaN,NaN,NaN,NaN,NaN,NaN
33601,NaN,NaN,NaN,NaN,0.0208550489188447,NaN,NaN,NaN,NaN,NaN,0.0219985448560975,NaN,NaN,0.0336572324177458,NaN,NaN,0.0385009117675823,NaN,0.00714940000934322,NaN,NaN,0.0186743854664102,NaN,NaN,NaN,NaN,NaN,0.0420590778290372,NaN,NaN,NaN,NaN,NaN,NaN,NaN,NaN,NaN,NaN,NaN,NaN,NaN,NaN,NaN,NaN,NaN,NaN,NaN,NaN,NaN,NaN,NaN,NaN
33901,NaN,NaN,NaN,NaN,0.0210993968872295,NaN,NaN,NaN,NaN,NaN,0.0179431829776668,NaN,NaN,0.0406265756636239,NaN,NaN,0.0204471271330139,NaN,0.0221097847980883,NaN,NaN,0.0154054704515369,0.109765676980783,NaN,NaN,NaN,NaN,0.0744038697035068,NaN,NaN,NaN,NaN,NaN,NaN,NaN,NaN,NaN,NaN,NaN,NaN,NaN,NaN,NaN,NaN,NaN,NaN,NaN,NaN,NaN,NaN,NaN,NaN
34201,NaN,NaN,NaN,NaN,0.00563325536317008,NaN,NaN,NaN,NaN,NaN,0.0169277770945795,NaN,NaN,0.0345170262747815,NaN,NaN,0.049478823531887,NaN,0.0101222553997817,NaN,NaN,0.0297399845198633,0.0185959774266497,NaN,NaN,NaN,NaN,0.0411815840937616,NaN,NaN,NaN,NaN,NaN,NaN,NaN,NaN,NaN,NaN,NaN,NaN,NaN,NaN,NaN,NaN,NaN,NaN,NaN,NaN,NaN,NaN,NaN,NaN
34501,NaN,NaN,NaN,NaN,0.0149214299536249,NaN,NaN,NaN,NaN,NaN,0.0230215040662404,NaN,NaN,0.0273516024142522,NaN,NaN,0.0244732951705507,NaN,0.0119342568097895,NaN,NaN,0.0197932192765712,0.0152536524263713,NaN,NaN,NaN,NaN,0.0189587976878766,NaN,NaN,NaN,NaN,NaN,NaN,NaN,NaN,NaN,NaN,NaN,NaN,NaN,NaN,NaN,NaN,NaN,NaN,NaN,NaN,NaN,NaN,NaN,NaN
34801,NaN,NaN,NaN,NaN,0.0414261973878834,NaN,NaN,NaN,NaN,NaN,0.0191547561730758,NaN,NaN,0.0333188983016003,NaN,NaN,0.0264618588162112,NaN,0.0373058079697108,NaN,NaN,0.0261602410834528,0.0130439217679665,NaN,NaN,NaN,NaN,0.0537101575562721,NaN,NaN,NaN,NaN,NaN,NaN,NaN,NaN,NaN,NaN,NaN,NaN,NaN,NaN,NaN,NaN,NaN,NaN,NaN,NaN,NaN,NaN,NaN,NaN
35101,NaN,NaN,NaN,NaN,0.0190852696359482,NaN,NaN,NaN,NaN,NaN,0.0220869178443572,NaN,NaN,0.00846725818435005,NaN,NaN,0.0260793169806019,NaN,0.0291249392038423,NaN,NaN,0.0168638431274657,0.0185451096666844,NaN,NaN,NaN,NaN,0.0354809587286235,NaN,NaN,NaN,NaN,NaN,NaN,NaN,NaN,NaN,NaN,NaN,NaN,NaN,NaN,NaN,NaN,NaN,NaN,NaN,NaN,NaN,NaN,NaN,NaN
35401,NaN,NaN,NaN,NaN,0.0232341515110215,NaN,NaN,NaN,NaN,NaN,NaN,NaN,NaN,0.0323955614025367,NaN,NaN,0.0194374469720875,NaN,0.00873719983940015,NaN,NaN,0.0302569959724891,0.00965861149735617,NaN,NaN,NaN,NaN,0.0290140523939665,NaN,NaN,NaN,NaN,NaN,NaN,NaN,NaN,NaN,NaN,NaN,NaN,NaN,NaN,NaN,NaN,NaN,NaN,NaN,NaN,NaN,NaN,NaN,NaN
35701,NaN,NaN,NaN,NaN,0.03097119401326,NaN,NaN,NaN,NaN,NaN,NaN,NaN,NaN,0.0501182413058081,NaN,NaN,0.079263852022089,NaN,0.0243170501389066,NaN,NaN,0.0725479716098997,0.0141311436791679,NaN,NaN,NaN,NaN,0.0315778655988584,NaN,NaN,NaN,NaN,NaN,NaN,NaN,NaN,NaN,NaN,NaN,NaN,NaN,NaN,NaN,NaN,NaN,NaN,NaN,NaN,NaN,NaN,NaN,NaN
36001,NaN,NaN,NaN,NaN,0.0129183963509294,NaN,NaN,NaN,NaN,NaN,NaN,NaN,NaN,0.0336846381925432,NaN,NaN,0.0787134208048903,NaN,0.00996987671258623,NaN,NaN,0.0824704515346527,0.0272481047525661,NaN,NaN,NaN,NaN,0.0214163820607913,NaN,NaN,NaN,NaN,NaN,NaN,NaN,NaN,NaN,NaN,NaN,NaN,NaN,NaN,NaN,NaN,NaN,NaN,NaN,NaN,NaN,NaN,NaN,NaN
36301,NaN,NaN,NaN,NaN,0.0520564760957292,NaN,NaN,NaN,NaN,NaN,NaN,NaN,NaN,0.0155470300653874,NaN,NaN,0.0857694969260454,NaN,0.0276624735958131,NaN,NaN,0.0650726322026998,0.0077623562351982,NaN,NaN,NaN,NaN,0.0262235635516016,NaN,NaN,NaN,NaN,NaN,NaN,NaN,NaN,NaN,NaN,NaN,NaN,NaN,NaN,NaN,NaN,NaN,NaN,NaN,NaN,NaN,NaN,NaN,NaN
36601,NaN,NaN,NaN,NaN,0.0456425507599899,NaN,NaN,NaN,NaN,NaN,NaN,NaN,NaN,0.0409450780595329,NaN,NaN,0.0380044763366608,NaN,0.0129466327705621,NaN,NaN,0.037209174448583,0.0114492722117825,NaN,NaN,NaN,NaN,0.018060519783567,NaN,NaN,NaN,NaN,NaN,NaN,NaN,NaN,NaN,NaN,NaN,NaN,NaN,NaN,NaN,NaN,NaN,NaN,NaN,NaN,NaN,NaN,NaN,NaN
36901,NaN,NaN,NaN,NaN,0.0438383631624183,NaN,NaN,NaN,NaN,NaN,NaN,NaN,NaN,0.0102010149325491,NaN,NaN,0.0316374414008179,NaN,0.0276500482932201,NaN,NaN,0.0482572574148135,0.0129162056662417,NaN,NaN,NaN,NaN,0.0344813943094516,NaN,NaN,NaN,NaN,NaN,NaN,NaN,NaN,NaN,NaN,NaN,NaN,NaN,NaN,NaN,NaN,NaN,NaN,NaN,NaN,NaN,NaN,NaN,NaN
37201,NaN,NaN,NaN,NaN,0.0505732673994132,NaN,NaN,NaN,NaN,NaN,NaN,NaN,NaN,0.0157821730605331,NaN,NaN,0.0353307093141721,NaN,0.0159690342416017,NaN,NaN,0.0335141225258632,0.0119117080528769,NaN,NaN,NaN,NaN,0.0320744179403959,NaN,NaN,NaN,NaN,NaN,NaN,NaN,NaN,NaN,NaN,NaN,NaN,NaN,NaN,NaN,NaN,NaN,NaN,NaN,NaN,NaN,NaN,NaN,NaN
37501,NaN,NaN,NaN,NaN,0.0282749093766898,NaN,NaN,NaN,NaN,NaN,NaN,NaN,NaN,0.0206831870924802,NaN,NaN,0.0330029817644243,NaN,0.0181187317779696,NaN,NaN,0.0417423558015985,0.00758167624556697,NaN,NaN,NaN,NaN,0.0284040176832671,NaN,NaN,NaN,NaN,NaN,NaN,NaN,NaN,NaN,NaN,NaN,NaN,NaN,NaN,NaN,NaN,NaN,NaN,NaN,NaN,NaN,NaN,NaN,NaN
37801,NaN,NaN,NaN,NaN,0.0428787472757223,NaN,NaN,NaN,NaN,NaN,NaN,NaN,NaN,0.0383672936536388,NaN,NaN,0.0137097059833479,NaN,0.0136615806060289,NaN,NaN,0.0164298872487576,0.0099472841433144,NaN,NaN,NaN,NaN,0.0368644373850892,NaN,NaN,NaN,NaN,NaN,NaN,NaN,NaN,NaN,NaN,NaN,NaN,NaN,NaN,NaN,NaN,NaN,NaN,NaN,NaN,NaN,NaN,NaN,NaN
38101,NaN,NaN,NaN,NaN,0.0194551539850892,NaN,NaN,NaN,NaN,NaN,NaN,NaN,NaN,0.0193065925101944,NaN,NaN,0.0121971479916298,NaN,0.0193318209134471,NaN,NaN,0.0299576920360723,0.0170474176338239,NaN,NaN,NaN,NaN,0.0136897934736987,NaN,NaN,NaN,NaN,NaN,NaN,NaN,NaN,NaN,NaN,NaN,NaN,NaN,NaN,NaN,NaN,NaN,NaN,NaN,NaN,NaN,NaN,NaN,NaN
38401,NaN,NaN,NaN,NaN,0.0389134721576357,NaN,NaN,NaN,NaN,NaN,NaN,NaN,NaN,0.0227869909028589,NaN,NaN,0.014257026951147,NaN,0.0213518499461823,NaN,NaN,0.0339525096102198,0.0252961458942707,NaN,NaN,NaN,NaN,0.0188157351473871,NaN,NaN,NaN,NaN,NaN,NaN,NaN,NaN,NaN,NaN,NaN,NaN,NaN,NaN,NaN,NaN,NaN,NaN,NaN,NaN,NaN,NaN,NaN,NaN
38701,NaN,NaN,NaN,NaN,0.0070862819683933,NaN,NaN,NaN,NaN,NaN,NaN,NaN,NaN,0.0194000976572665,NaN,NaN,0.0155225172843102,NaN,0.0288580738189134,NaN,NaN,0.0376116939831582,0.0299041577138527,NaN,NaN,NaN,NaN,0.0181227165842181,NaN,NaN,NaN,NaN,NaN,NaN,NaN,NaN,NaN,NaN,NaN,NaN,NaN,NaN,NaN,NaN,NaN,NaN,NaN,NaN,NaN,NaN,NaN,NaN
39001,NaN,NaN,NaN,NaN,0.0259909443343418,NaN,NaN,NaN,NaN,NaN,NaN,NaN,NaN,0.0200541829295823,NaN,NaN,0.0360908036285769,NaN,0.0109181915838232,NaN,NaN,0.0297904192871468,0.030512991536133,NaN,NaN,NaN,NaN,0.0179684481432191,NaN,NaN,NaN,NaN,NaN,NaN,NaN,NaN,NaN,NaN,NaN,NaN,NaN,NaN,NaN,NaN,NaN,NaN,NaN,NaN,NaN,NaN,NaN,NaN
39301,NaN,NaN,NaN,NaN,NaN,NaN,NaN,NaN,NaN,NaN,NaN,NaN,NaN,0.0162461243072444,NaN,NaN,0.03781258691363,NaN,0.0134310285565952,NaN,NaN,0.00814105508012179,0.0060033128784156,NaN,NaN,NaN,NaN,0.016390715102937,NaN,NaN,NaN,NaN,NaN,NaN,NaN,NaN,NaN,NaN,NaN,NaN,NaN,NaN,NaN,NaN,NaN,NaN,NaN,NaN,NaN,NaN,NaN,NaN
39601,NaN,NaN,NaN,NaN,NaN,NaN,NaN,NaN,NaN,NaN,NaN,NaN,NaN,0.0149285028874547,NaN,NaN,0.0238341302750656,NaN,0.0284565886600631,NaN,NaN,0.0501776870556559,0.0138330345866679,NaN,NaN,NaN,NaN,0.0267529528133985,NaN,NaN,NaN,NaN,NaN,NaN,NaN,NaN,NaN,NaN,NaN,NaN,NaN,NaN,NaN,NaN,NaN,NaN,NaN,NaN,NaN,NaN,NaN,NaN
39901,NaN,NaN,NaN,NaN,NaN,NaN,NaN,NaN,NaN,NaN,NaN,NaN,NaN,0.0170929352021236,NaN,NaN,0.0213964578663927,NaN,NaN,NaN,NaN,0.0295426757151536,0.017715680249626,NaN,NaN,NaN,NaN,0.11034204129992,NaN,NaN,0.0178672499918385,NaN,NaN,NaN,NaN,NaN,NaN,NaN,NaN,NaN,NaN,NaN,NaN,NaN,NaN,NaN,NaN,NaN,NaN,NaN,NaN,NaN
40201,NaN,NaN,NaN,NaN,NaN,NaN,NaN,NaN,NaN,NaN,NaN,NaN,NaN,0.0150902579347029,NaN,NaN,0.0324824553022826,NaN,NaN,NaN,NaN,0.0228971496565347,0.0160676459331336,NaN,NaN,NaN,NaN,0.033041781335449,NaN,NaN,0.0119466050542677,NaN,NaN,NaN,NaN,NaN,NaN,NaN,NaN,NaN,NaN,NaN,NaN,NaN,NaN,NaN,NaN,NaN,NaN,NaN,NaN,NaN
40501,NaN,NaN,NaN,NaN,NaN,NaN,NaN,NaN,NaN,NaN,NaN,NaN,NaN,0.0188556610659157,NaN,NaN,0.0327935271382645,NaN,NaN,NaN,NaN,0.0130674715903229,0.0173823144483276,NaN,NaN,NaN,NaN,0.0313339775967383,NaN,NaN,0.0110633742553064,NaN,NaN,NaN,NaN,NaN,NaN,NaN,NaN,NaN,NaN,NaN,NaN,NaN,NaN,NaN,NaN,NaN,NaN,NaN,NaN,NaN
40801,NaN,NaN,NaN,NaN,NaN,NaN,NaN,NaN,NaN,NaN,NaN,NaN,NaN,0.0435815380577377,NaN,NaN,0.0175421162726217,NaN,NaN,NaN,NaN,0.0292625402052999,0.0237845465244559,NaN,NaN,NaN,NaN,0.0197789969547139,NaN,NaN,0.074866181957735,NaN,NaN,NaN,NaN,NaN,NaN,NaN,NaN,NaN,NaN,NaN,NaN,NaN,NaN,NaN,NaN,NaN,NaN,NaN,NaN,NaN
41101,NaN,NaN,NaN,NaN,NaN,NaN,NaN,NaN,NaN,0.0993332462492253,NaN,NaN,NaN,0.0188560349085584,NaN,NaN,0.0102374110826681,NaN,NaN,NaN,NaN,0.0498564094367839,0.0219343550653803,NaN,NaN,NaN,NaN,0.0212071681690742,NaN,NaN,0.0108927836956979,NaN,NaN,NaN,NaN,NaN,NaN,NaN,NaN,NaN,NaN,NaN,NaN,NaN,NaN,NaN,NaN,NaN,NaN,NaN,NaN,NaN
41401,NaN,NaN,NaN,NaN,NaN,NaN,NaN,NaN,NaN,0.132273634409884,NaN,NaN,NaN,0.0460987966138457,NaN,NaN,0.0142450391714422,NaN,NaN,NaN,NaN,0.0262072553580162,0.0145283211015693,NaN,NaN,NaN,NaN,0.0102381624560158,NaN,NaN,0.0220351891584039,NaN,NaN,NaN,NaN,NaN,NaN,NaN,NaN,NaN,NaN,NaN,NaN,NaN,NaN,NaN,NaN,NaN,NaN,NaN,NaN,NaN
41701,NaN,NaN,NaN,NaN,NaN,NaN,NaN,NaN,NaN,0.0385899744156215,NaN,NaN,NaN,0.0199992329177761,NaN,NaN,0.0298266177583946,NaN,NaN,NaN,NaN,0.017331281914262,0.0137336435124842,NaN,NaN,NaN,NaN,0.0222303944471597,NaN,NaN,0.0043473776668926,NaN,NaN,NaN,NaN,NaN,NaN,NaN,NaN,NaN,NaN,NaN,NaN,NaN,NaN,NaN,NaN,NaN,NaN,NaN,NaN,NaN
42001,NaN,NaN,NaN,NaN,NaN,NaN,NaN,NaN,NaN,0.0691382384378309,NaN,NaN,NaN,0.0239696852854355,NaN,NaN,0.0670295767399095,NaN,NaN,NaN,NaN,0.0154729291238521,0.0250315926899684,NaN,NaN,NaN,NaN,0.00801781829409134,NaN,NaN,0.00829724681126223,NaN,NaN,NaN,NaN,NaN,NaN,NaN,NaN,NaN,NaN,NaN,NaN,NaN,NaN,NaN,NaN,NaN,NaN,NaN,NaN,NaN
42301,NaN,NaN,NaN,NaN,NaN,NaN,NaN,NaN,NaN,0.0546323947287787,NaN,NaN,NaN,0.0227221448758406,NaN,NaN,0.0691019141407267,NaN,NaN,NaN,NaN,0.090309317581096,0.00825263404348777,NaN,NaN,NaN,NaN,0.0172638143489394,NaN,NaN,0.0248502031557261,NaN,NaN,NaN,NaN,NaN,NaN,NaN,NaN,NaN,NaN,NaN,NaN,NaN,NaN,NaN,NaN,NaN,NaN,NaN,NaN,NaN
42601,NaN,NaN,NaN,NaN,NaN,NaN,NaN,NaN,NaN,0.0192539406413237,NaN,NaN,NaN,0.0292451476460909,NaN,NaN,0.016533447654022,NaN,NaN,NaN,NaN,0.0570513216846429,0.0133620751970626,NaN,NaN,NaN,NaN,0.0321411719060562,NaN,NaN,0.0250134668967966,NaN,NaN,NaN,NaN,NaN,NaN,NaN,NaN,NaN,NaN,NaN,NaN,NaN,NaN,NaN,NaN,NaN,NaN,NaN,NaN,NaN
42901,NaN,NaN,NaN,NaN,NaN,NaN,NaN,NaN,NaN,0.0705485659920032,NaN,NaN,NaN,0.0257555163516605,NaN,NaN,0.0179422512324456,NaN,NaN,NaN,NaN,0.0214779910010702,0.00879285134239024,NaN,NaN,NaN,NaN,0.0604703886901733,NaN,NaN,0.0674689068262232,NaN,NaN,NaN,NaN,NaN,NaN,NaN,NaN,NaN,NaN,NaN,NaN,NaN,NaN,NaN,NaN,NaN,NaN,NaN,NaN,NaN
43201,NaN,NaN,NaN,NaN,NaN,NaN,NaN,NaN,NaN,0.0469876149667718,NaN,NaN,NaN,0.0181765334473373,NaN,NaN,0.0498472794890199,NaN,NaN,NaN,NaN,0.0875921806614607,0.0297269096489378,NaN,NaN,NaN,NaN,0.0257940590429946,NaN,NaN,0.00607392647673827,NaN,NaN,NaN,NaN,NaN,NaN,NaN,NaN,NaN,NaN,NaN,NaN,NaN,NaN,NaN,NaN,NaN,NaN,NaN,NaN,NaN
43501,NaN,NaN,NaN,NaN,NaN,NaN,NaN,NaN,NaN,0.0487004203895138,NaN,NaN,NaN,0.0430626434825328,NaN,NaN,0.0407259795806397,NaN,NaN,NaN,NaN,0.0631029020135794,0.0113229632742926,NaN,NaN,NaN,NaN,NaN,NaN,NaN,0.0214382317437921,NaN,NaN,NaN,NaN,NaN,NaN,NaN,NaN,NaN,NaN,NaN,NaN,NaN,NaN,NaN,NaN,NaN,NaN,NaN,NaN,NaN
43801,NaN,NaN,NaN,NaN,NaN,NaN,NaN,NaN,NaN,0.0117884348008228,NaN,NaN,NaN,NaN,NaN,NaN,0.0065532584696629,NaN,NaN,NaN,NaN,0.0756950177589763,0.0128601283335957,NaN,NaN,NaN,NaN,NaN,NaN,NaN,0.0108277107034692,NaN,NaN,NaN,NaN,NaN,NaN,NaN,NaN,NaN,NaN,NaN,NaN,NaN,NaN,NaN,NaN,NaN,NaN,NaN,NaN,NaN
44101,NaN,NaN,NaN,NaN,NaN,NaN,NaN,NaN,NaN,0.0341630305760391,NaN,NaN,NaN,NaN,NaN,NaN,0.0118645249485249,NaN,NaN,NaN,NaN,0.200297556979971,0.121861209127854,NaN,NaN,NaN,NaN,NaN,NaN,NaN,0.00929186370689948,NaN,NaN,NaN,NaN,NaN,NaN,NaN,NaN,NaN,NaN,NaN,NaN,NaN,NaN,NaN,NaN,NaN,NaN,NaN,NaN,NaN
44401,NaN,NaN,NaN,NaN,NaN,NaN,NaN,NaN,NaN,0.0588683963038663,NaN,NaN,NaN,NaN,NaN,NaN,0.0390201400264543,NaN,NaN,NaN,NaN,0.21910835160594,0.0925353657850955,NaN,NaN,NaN,NaN,NaN,NaN,NaN,0.00825774525404885,NaN,NaN,NaN,NaN,NaN,NaN,NaN,NaN,NaN,NaN,NaN,NaN,NaN,NaN,NaN,NaN,NaN,NaN,NaN,NaN,NaN
44701,NaN,NaN,NaN,NaN,NaN,NaN,NaN,NaN,NaN,0.136781617126804,NaN,NaN,NaN,NaN,NaN,NaN,0.016482758548198,NaN,NaN,NaN,NaN,0.0224643789058214,0.038759626711283,0.00554893574847789,NaN,NaN,NaN,NaN,NaN,NaN,0.0188907947804075,NaN,NaN,NaN,NaN,NaN,NaN,NaN,NaN,NaN,NaN,NaN,NaN,NaN,NaN,NaN,NaN,NaN,NaN,NaN,NaN,NaN
45001,NaN,NaN,NaN,NaN,NaN,NaN,NaN,NaN,NaN,0.0329645805326239,NaN,NaN,NaN,NaN,NaN,NaN,0.0236520599039937,NaN,NaN,NaN,NaN,0.00767295641458362,0.0206389245508428,0.0420768727404136,NaN,NaN,0.0831913208176563,NaN,NaN,NaN,0.0682443239075267,NaN,NaN,NaN,NaN,NaN,NaN,NaN,NaN,NaN,NaN,NaN,NaN,NaN,NaN,NaN,NaN,NaN,NaN,NaN,NaN,NaN
45301,NaN,NaN,NaN,NaN,NaN,NaN,NaN,NaN,NaN,0.0894765474902657,NaN,NaN,NaN,NaN,NaN,NaN,0.0235311711990721,NaN,NaN,NaN,NaN,0.0127019845425451,0.00433704393977169,0.0101856034560912,NaN,NaN,0.0189148578159,NaN,NaN,NaN,0.0255049828239843,NaN,NaN,NaN,NaN,NaN,NaN,NaN,NaN,NaN,NaN,NaN,NaN,NaN,NaN,NaN,NaN,NaN,NaN,NaN,NaN,NaN
45601,NaN,NaN,NaN,NaN,NaN,NaN,NaN,NaN,NaN,0.014564109224493,NaN,NaN,NaN,NaN,NaN,NaN,0.0238803467610893,NaN,NaN,NaN,NaN,0.0504781088163996,0.0157482969785918,0.0157775221539312,NaN,NaN,0.0160808299147288,NaN,NaN,NaN,0.0136033727356804,NaN,NaN,NaN,NaN,NaN,NaN,NaN,NaN,NaN,NaN,NaN,NaN,NaN,NaN,NaN,NaN,NaN,NaN,NaN,NaN,NaN
45901,NaN,NaN,NaN,NaN,NaN,NaN,NaN,NaN,NaN,0.0682320636894118,NaN,NaN,NaN,NaN,NaN,NaN,0.0201783101966716,NaN,NaN,NaN,NaN,0.0274518825204131,0.0187376344028591,0.0146509212835919,NaN,NaN,0.0101496924342789,NaN,NaN,NaN,0.0089858385579414,NaN,NaN,NaN,NaN,NaN,NaN,NaN,NaN,NaN,NaN,NaN,NaN,NaN,NaN,NaN,NaN,NaN,NaN,NaN,NaN,NaN
46201,NaN,NaN,NaN,NaN,NaN,NaN,NaN,NaN,NaN,0.0707608257514812,NaN,0.0122564709153893,NaN,NaN,NaN,NaN,0.0122940193627596,NaN,NaN,NaN,NaN,0.0435651975748856,0.0151566554734935,0.0157231482561397,NaN,NaN,0.0280776691133054,NaN,NaN,NaN,0.0125312341903556,NaN,NaN,NaN,NaN,NaN,NaN,NaN,NaN,NaN,NaN,NaN,NaN,NaN,NaN,NaN,NaN,NaN,NaN,NaN,NaN,NaN
46501,NaN,NaN,NaN,NaN,NaN,NaN,NaN,NaN,NaN,0.0152209485655792,NaN,0.017065305185793,NaN,NaN,NaN,NaN,0.00528720326125004,NaN,NaN,NaN,NaN,0.0236887042915845,0.00499057107217972,0.0262195281763955,NaN,NaN,0.0144983706580249,NaN,NaN,NaN,0.0334836923764005,NaN,NaN,NaN,NaN,NaN,NaN,NaN,NaN,NaN,NaN,NaN,NaN,NaN,NaN,NaN,NaN,NaN,NaN,NaN,NaN,NaN
46801,NaN,NaN,NaN,NaN,NaN,NaN,NaN,NaN,NaN,0.0425949929223489,NaN,0.0193699127302039,NaN,NaN,NaN,NaN,0.0269539872537556,NaN,NaN,NaN,NaN,0.0154671025242382,0.00830854007244484,0.0399780917644824,NaN,NaN,0.0151232979881431,NaN,NaN,NaN,0.0397952888217328,NaN,NaN,NaN,NaN,NaN,NaN,NaN,NaN,NaN,NaN,NaN,NaN,NaN,NaN,NaN,NaN,NaN,NaN,NaN,NaN,NaN
47101,NaN,NaN,NaN,NaN,NaN,NaN,NaN,NaN,NaN,0.0305720572844533,NaN,0.0297430859759093,NaN,NaN,NaN,NaN,0.0287179929005659,NaN,NaN,NaN,NaN,0.0385650231003227,0.0376174661315887,0.00995021310172936,NaN,NaN,0.0104116195940619,NaN,NaN,NaN,0.0358185933996604,NaN,NaN,NaN,NaN,NaN,NaN,NaN,NaN,NaN,NaN,NaN,NaN,NaN,NaN,NaN,NaN,NaN,NaN,NaN,NaN,NaN
47401,NaN,NaN,NaN,NaN,NaN,NaN,NaN,NaN,NaN,0.0497897861399527,NaN,0.0212118667077219,NaN,NaN,NaN,NaN,0.0345542129381565,NaN,NaN,NaN,NaN,0.0139072979343276,0.0216378244627275,0.0140587966090617,NaN,NaN,0.0306511845981871,NaN,NaN,NaN,0.0229009466935961,NaN,NaN,NaN,NaN,NaN,NaN,NaN,NaN,NaN,NaN,NaN,NaN,NaN,NaN,NaN,NaN,NaN,NaN,NaN,NaN,NaN
47701,NaN,NaN,NaN,NaN,NaN,NaN,NaN,NaN,NaN,0.0101434464998796,NaN,0.00913112525457541,NaN,NaN,NaN,NaN,0.0356271375148669,NaN,NaN,NaN,NaN,0.0979771112147244,0.0462334533793739,0.0257573808721016,NaN,NaN,0.0232368557422525,NaN,NaN,NaN,0.0426005294167966,NaN,NaN,NaN,NaN,NaN,NaN,NaN,NaN,NaN,NaN,NaN,NaN,NaN,NaN,NaN,NaN,NaN,NaN,NaN,NaN,NaN
48001,NaN,NaN,NaN,NaN,NaN,NaN,NaN,NaN,NaN,0.0815558055926472,NaN,0.0187691972135749,NaN,NaN,NaN,NaN,0.049844964926199,NaN,NaN,NaN,NaN,0.015867899175878,0.0345279301021595,0.0116003506619034,NaN,NaN,0.0198481917043906,NaN,NaN,NaN,0.022703643356031,NaN,NaN,NaN,NaN,NaN,NaN,NaN,NaN,NaN,NaN,NaN,NaN,NaN,NaN,NaN,NaN,NaN,NaN,NaN,NaN,NaN
48301,NaN,NaN,NaN,NaN,NaN,NaN,NaN,NaN,NaN,0.313054428899639,NaN,0.013336115057615,NaN,NaN,NaN,NaN,0.014337238236594,NaN,NaN,NaN,NaN,0.00942291448050196,NaN,0.0196430084310333,NaN,NaN,0.012149150075493,NaN,NaN,NaN,0.0374597731459704,NaN,NaN,NaN,NaN,NaN,NaN,NaN,NaN,NaN,NaN,NaN,NaN,NaN,NaN,NaN,NaN,NaN,NaN,NaN,NaN,NaN
48601,NaN,NaN,NaN,NaN,NaN,NaN,NaN,NaN,NaN,0.198892196794929,NaN,0.0188155388617959,NaN,NaN,NaN,NaN,0.0283613720502676,NaN,NaN,NaN,NaN,0.059584278428481,NaN,0.0124800300985292,NaN,NaN,0.0338808946490376,NaN,NaN,NaN,0.0537158672042337,NaN,NaN,NaN,NaN,NaN,NaN,NaN,NaN,NaN,NaN,NaN,NaN,NaN,NaN,NaN,NaN,NaN,NaN,NaN,NaN,NaN
48901,NaN,NaN,NaN,NaN,NaN,NaN,NaN,NaN,NaN,0.171993598727899,NaN,0.0213737442933464,NaN,NaN,NaN,NaN,0.014505990005476,NaN,NaN,NaN,NaN,0.0446776187259944,NaN,0.0225369983206579,NaN,NaN,0.0172730485797309,NaN,NaN,NaN,0.07968716877531,NaN,NaN,NaN,NaN,NaN,NaN,NaN,NaN,NaN,NaN,NaN,NaN,NaN,NaN,NaN,NaN,NaN,NaN,NaN,NaN,NaN
49201,NaN,NaN,NaN,NaN,NaN,NaN,NaN,NaN,NaN,0.183001825695711,NaN,0.0230387986646585,NaN,NaN,NaN,NaN,0.0412405474435755,NaN,NaN,NaN,NaN,0.0486561131175091,NaN,0.0250911407168522,NaN,NaN,0.0184157648000968,NaN,NaN,0.0237136006564152,0.0318003176823922,NaN,NaN,NaN,NaN,NaN,NaN,NaN,NaN,NaN,NaN,NaN,NaN,NaN,NaN,NaN,NaN,NaN,NaN,NaN,NaN,NaN
49501,NaN,NaN,NaN,NaN,NaN,NaN,NaN,NaN,NaN,0.0212278110153578,NaN,0.0185111428384744,NaN,NaN,NaN,NaN,0.0516914578538128,NaN,NaN,NaN,NaN,0.0259727669838637,NaN,0.0133132378010891,NaN,NaN,0.0349332516164878,NaN,NaN,0.0160946099996783,0.0604207749531534,NaN,NaN,NaN,NaN,NaN,NaN,NaN,NaN,NaN,NaN,NaN,NaN,NaN,NaN,NaN,NaN,NaN,NaN,NaN,NaN,NaN
49801,NaN,NaN,NaN,NaN,NaN,NaN,NaN,NaN,NaN,0.066124095433617,NaN,0.0248058508008896,NaN,NaN,NaN,NaN,0.0671572365248921,NaN,NaN,NaN,NaN,0.0184412681581992,NaN,0.0210274579364607,NaN,NaN,0.0129275399806253,NaN,NaN,0.0240243353237342,0.0601592979360003,NaN,NaN,NaN,NaN,NaN,NaN,NaN,NaN,NaN,NaN,NaN,NaN,NaN,NaN,NaN,NaN,NaN,NaN,NaN,NaN,NaN
50101,NaN,NaN,NaN,NaN,NaN,NaN,NaN,NaN,NaN,0.0260215722421532,NaN,0.0204469309593951,NaN,NaN,NaN,NaN,0.0408011590768377,NaN,NaN,NaN,NaN,0.0297632424271909,NaN,0.0110252546963971,NaN,NaN,0.0241881682210165,NaN,NaN,0.0362904505264635,0.0280215003321209,NaN,NaN,NaN,NaN,NaN,NaN,NaN,NaN,NaN,NaN,NaN,NaN,NaN,NaN,NaN,NaN,NaN,NaN,NaN,NaN,NaN
50401,NaN,NaN,NaN,NaN,NaN,NaN,NaN,NaN,NaN,0.0296831441215562,NaN,0.0153406666099573,NaN,NaN,NaN,NaN,0.0555962207050949,NaN,NaN,NaN,NaN,0.00815665606254374,NaN,0.00602027161025398,NaN,NaN,0.0241216930275469,NaN,NaN,0.00924196208550258,0.0160819302951904,NaN,NaN,NaN,NaN,NaN,NaN,NaN,NaN,NaN,NaN,NaN,NaN,NaN,NaN,NaN,NaN,NaN,NaN,NaN,NaN,NaN
50701,NaN,NaN,NaN,NaN,NaN,NaN,NaN,NaN,NaN,0.0184950088943249,NaN,0.0373012848121752,NaN,NaN,NaN,NaN,0.0206784689686011,NaN,NaN,NaN,NaN,0.0102028844821429,NaN,0.0109010495748794,NaN,NaN,0.0155645671969971,NaN,NaN,0.0237069371922778,0.0154280462346292,NaN,NaN,NaN,NaN,NaN,NaN,NaN,NaN,NaN,NaN,NaN,NaN,NaN,NaN,NaN,NaN,NaN,NaN,NaN,NaN,NaN
51001,NaN,NaN,NaN,NaN,NaN,NaN,NaN,NaN,NaN,0.0139375245715252,NaN,0.0544352206292183,NaN,NaN,NaN,NaN,0.0326126856889557,NaN,NaN,NaN,NaN,0.0152666869560696,NaN,0.0178943183507716,NaN,NaN,0.0417053728449519,NaN,NaN,0.0197931088366243,0.0201111045711329,NaN,NaN,NaN,NaN,NaN,NaN,NaN,NaN,NaN,NaN,NaN,NaN,NaN,NaN,NaN,NaN,NaN,NaN,NaN,NaN,NaN
51301,NaN,NaN,NaN,NaN,NaN,NaN,NaN,NaN,NaN,0.0943471700636381,NaN,0.0888895042356335,NaN,NaN,NaN,NaN,0.0392754918080362,NaN,NaN,NaN,NaN,0.0120616973212633,NaN,0.00804734278077322,NaN,NaN,0.0217166396015561,NaN,NaN,0.0173326242395607,0.0116181882405277,NaN,NaN,NaN,NaN,NaN,NaN,NaN,NaN,NaN,NaN,NaN,NaN,NaN,NaN,NaN,NaN,NaN,NaN,NaN,NaN,NaN
51601,NaN,NaN,NaN,NaN,NaN,NaN,NaN,NaN,NaN,0.0187068056355794,NaN,0.0272273695034868,NaN,NaN,NaN,NaN,0.0244673776464485,NaN,NaN,NaN,NaN,0.0207883421926772,NaN,0.0232816130675569,NaN,NaN,0.0423877584618269,NaN,NaN,0.0139544426541588,0.0201018982309053,NaN,NaN,NaN,NaN,NaN,NaN,NaN,NaN,NaN,NaN,NaN,NaN,NaN,NaN,NaN,NaN,NaN,NaN,NaN,NaN,NaN
51901,NaN,NaN,NaN,NaN,NaN,NaN,NaN,NaN,NaN,0.0640393086375664,NaN,0.0451687204480386,NaN,NaN,NaN,NaN,NaN,NaN,NaN,NaN,NaN,0.0144128227749384,NaN,0.00902259161777252,NaN,NaN,0.0306923233958756,NaN,NaN,0.0226712616011615,0.0201731422895678,NaN,NaN,NaN,NaN,NaN,NaN,NaN,NaN,NaN,NaN,NaN,NaN,NaN,NaN,NaN,NaN,NaN,NaN,NaN,NaN,NaN
52201,NaN,NaN,NaN,NaN,NaN,NaN,NaN,NaN,NaN,0.01295141177466,NaN,0.045427502204284,NaN,NaN,NaN,NaN,NaN,NaN,NaN,NaN,NaN,0.0162492099590366,NaN,0.0117681431442405,NaN,NaN,0.0427588301033311,NaN,NaN,0.0129456162320975,0.0172546468420443,NaN,NaN,NaN,NaN,NaN,NaN,NaN,NaN,NaN,NaN,NaN,NaN,NaN,NaN,NaN,NaN,NaN,NaN,NaN,NaN,NaN
52501,NaN,0.0415003923725462,NaN,NaN,NaN,NaN,NaN,NaN,NaN,0.0131696956671977,NaN,0.0525404491493953,NaN,NaN,NaN,NaN,NaN,NaN,NaN,NaN,NaN,0.0144209550501324,NaN,0.0133593102261236,0,NaN,0.0230390028564832,NaN,NaN,0.0214778846360019,0.0103906303135588,NaN,NaN,NaN,NaN,NaN,NaN,NaN,NaN,NaN,NaN,NaN,NaN,NaN,NaN,NaN,NaN,NaN,NaN,NaN,NaN,NaN
52801,NaN,0.0438546955443851,NaN,NaN,NaN,NaN,NaN,NaN,NaN,0.0256598082259691,NaN,NaN,NaN,NaN,NaN,NaN,NaN,NaN,NaN,NaN,NaN,0.0084490232735696,NaN,0.018361679720901,0.00380462549264139,NaN,0.053963485805335,NaN,NaN,0.0199824493353903,0.00888086761007015,NaN,NaN,NaN,NaN,NaN,NaN,NaN,NaN,NaN,NaN,NaN,NaN,NaN,NaN,NaN,NaN,NaN,NaN,NaN,NaN,NaN
53101,NaN,0.0301138244984169,NaN,NaN,NaN,NaN,NaN,NaN,NaN,0.01745614082529,NaN,NaN,NaN,NaN,NaN,NaN,NaN,NaN,NaN,NaN,NaN,0.0127007336789133,NaN,0.0161077199396741,0.00973965030161872,NaN,0.0222582004822695,NaN,NaN,0.0149543038064444,0.0353000491357078,NaN,NaN,NaN,NaN,NaN,NaN,NaN,NaN,NaN,NaN,NaN,NaN,NaN,NaN,NaN,NaN,NaN,NaN,NaN,NaN,NaN
53401,NaN,0.153855931410579,NaN,NaN,NaN,NaN,NaN,NaN,NaN,0.0254666345963376,NaN,NaN,NaN,NaN,NaN,NaN,NaN,NaN,NaN,NaN,NaN,0.0158859630900133,NaN,0.0190521241245019,0.00718331583610793,NaN,0.0123217198188088,NaN,NaN,0.0164936288397072,0.00931572612857772,NaN,NaN,NaN,NaN,NaN,NaN,NaN,NaN,NaN,NaN,NaN,NaN,NaN,NaN,NaN,NaN,NaN,NaN,NaN,NaN,NaN
53701,NaN,0.0171314227432425,NaN,NaN,NaN,NaN,NaN,NaN,NaN,0.00510996877732508,NaN,NaN,NaN,NaN,NaN,NaN,NaN,NaN,NaN,NaN,NaN,0.015441567791595,NaN,0.0118102892155636,0.0239921961035653,NaN,0.0210258515415752,NaN,NaN,0.00885482906549013,0.00574186356474715,NaN,NaN,NaN,NaN,NaN,NaN,NaN,NaN,NaN,NaN,NaN,NaN,NaN,NaN,NaN,NaN,NaN,NaN,NaN,NaN,NaN
54001,NaN,0.027114937378994,NaN,NaN,NaN,NaN,NaN,NaN,NaN,0.0212459454329545,NaN,NaN,NaN,NaN,NaN,NaN,NaN,NaN,NaN,NaN,NaN,0.00803513715013212,NaN,0.0105399868629467,0.0157829392989298,NaN,0.00683303766929268,NaN,NaN,0.0126095223238756,0.0203928964185267,NaN,NaN,NaN,NaN,NaN,NaN,NaN,NaN,NaN,NaN,NaN,NaN,NaN,NaN,NaN,NaN,NaN,NaN,NaN,NaN,NaN
54301,NaN,0.0329957574319223,NaN,NaN,NaN,NaN,NaN,NaN,NaN,0.0161669559060859,NaN,NaN,NaN,NaN,NaN,NaN,NaN,NaN,NaN,NaN,NaN,0.00728842830545533,NaN,0.0136932551117021,0.0182547325273199,NaN,0.0459011382597321,NaN,NaN,0.00913870233341751,0.00975448281410705,NaN,NaN,NaN,NaN,NaN,NaN,NaN,NaN,NaN,NaN,NaN,NaN,NaN,NaN,NaN,NaN,NaN,NaN,NaN,NaN,NaN
54601,NaN,0.0322960478332442,NaN,NaN,NaN,NaN,NaN,NaN,NaN,0.0146559533626645,NaN,NaN,NaN,NaN,NaN,NaN,NaN,NaN,NaN,NaN,NaN,0.0108341926650788,NaN,0.00596703517280238,0.012487510068248,NaN,0.0254019929255803,NaN,NaN,0.0247593316771708,0.00994896943675032,NaN,NaN,NaN,NaN,NaN,NaN,NaN,NaN,NaN,NaN,NaN,NaN,NaN,NaN,NaN,NaN,NaN,NaN,NaN,NaN,NaN
54901,NaN,0.028914329340612,NaN,NaN,NaN,NaN,NaN,NaN,NaN,0.0142951683364603,NaN,NaN,NaN,NaN,NaN,NaN,NaN,NaN,NaN,NaN,NaN,0.0155633027546513,NaN,0.00811316557335123,0.0169997508844997,NaN,0.011687771864933,NaN,NaN,0.0950318251202913,0.0266174991285569,NaN,NaN,NaN,NaN,NaN,NaN,NaN,NaN,NaN,NaN,NaN,NaN,NaN,NaN,NaN,NaN,NaN,NaN,NaN,NaN,NaN
55201,NaN,0.0307322918500549,NaN,NaN,NaN,NaN,NaN,NaN,NaN,0.016222519153986,NaN,NaN,NaN,NaN,NaN,NaN,NaN,NaN,NaN,NaN,NaN,0.0151846564350912,NaN,0.0121104270681578,0.0127583076721328,NaN,0.0164227335227928,NaN,NaN,0.0590292166532627,0.0214992098767238,NaN,NaN,NaN,NaN,NaN,NaN,NaN,NaN,NaN,NaN,NaN,NaN,NaN,NaN,NaN,NaN,NaN,NaN,NaN,NaN,NaN
55501,NaN,0.0198493214742021,NaN,NaN,NaN,NaN,NaN,NaN,NaN,0.00800952127190444,NaN,NaN,NaN,NaN,NaN,NaN,NaN,NaN,NaN,NaN,NaN,0.0194942160099767,NaN,0.0153294103979825,0.00605707186840997,NaN,0.0104584419991214,NaN,NaN,0.0454112596299768,0.0102788609256463,NaN,NaN,NaN,NaN,NaN,NaN,NaN,NaN,NaN,NaN,NaN,NaN,NaN,NaN,NaN,NaN,NaN,NaN,NaN,NaN,NaN
55801,NaN,0.0335877349126659,NaN,NaN,NaN,NaN,NaN,NaN,NaN,0.00821105042875643,NaN,NaN,NaN,NaN,NaN,NaN,NaN,NaN,NaN,NaN,NaN,0.0257752794678889,NaN,0.0217566505501232,0.0116157140243136,NaN,0.0188673069980871,NaN,NaN,0.0285285381657115,0.0101597556854024,NaN,NaN,NaN,NaN,NaN,NaN,NaN,NaN,NaN,NaN,NaN,NaN,NaN,NaN,NaN,NaN,NaN,NaN,NaN,NaN,NaN
56101,NaN,0.0181363248745785,NaN,NaN,NaN,NaN,NaN,NaN,NaN,0.00582008133204288,NaN,NaN,NaN,NaN,NaN,NaN,NaN,NaN,NaN,NaN,NaN,0.00832174190261777,NaN,0.020021088298428,0.0109707546438804,NaN,0.01433290050048,NaN,NaN,0.0184886154687775,0.0182571304996889,NaN,NaN,NaN,NaN,NaN,NaN,NaN,NaN,NaN,NaN,NaN,NaN,NaN,NaN,NaN,NaN,NaN,NaN,NaN,NaN,NaN
56401,NaN,0.0120426492786075,NaN,NaN,NaN,NaN,NaN,NaN,NaN,0.0175090755245785,NaN,NaN,NaN,NaN,NaN,NaN,NaN,NaN,NaN,NaN,NaN,0.0110855595075019,NaN,0.0346184193571145,0.00573904227923677,NaN,0.0396791559111834,NaN,NaN,0.0534864506686158,0.0270789390868721,NaN,NaN,NaN,NaN,NaN,NaN,NaN,NaN,NaN,NaN,NaN,NaN,NaN,NaN,NaN,NaN,NaN,NaN,NaN,NaN,NaN
56701,NaN,0.0240403928082007,NaN,NaN,NaN,NaN,NaN,NaN,NaN,0.0074826145969305,NaN,NaN,NaN,NaN,NaN,NaN,NaN,NaN,NaN,NaN,NaN,0.0164826350908622,NaN,0.0248552905077091,0.109090050283858,NaN,0.0189897747759066,NaN,NaN,0.0205902187656472,0.00806186614426632,NaN,NaN,NaN,NaN,NaN,NaN,NaN,NaN,NaN,NaN,NaN,NaN,NaN,NaN,NaN,NaN,NaN,NaN,NaN,NaN,NaN
57001,NaN,0.0262969750792597,NaN,NaN,NaN,NaN,NaN,NaN,NaN,0.0105122974186967,NaN,NaN,NaN,NaN,0.0187676506159132,NaN,NaN,NaN,NaN,NaN,NaN,0.0102770299313552,NaN,0.0173698353256792,0.0646992641573258,NaN,0.00482699396520289,NaN,NaN,0.0433284158204301,0.0162276444642588,NaN,NaN,NaN,NaN,NaN,NaN,NaN,NaN,NaN,NaN,NaN,NaN,NaN,NaN,NaN,NaN,NaN,NaN,NaN,NaN,NaN
57301,NaN,0.0118430551729145,NaN,NaN,NaN,NaN,NaN,NaN,NaN,0.0156387899108054,NaN,NaN,NaN,NaN,0.0173730936297576,NaN,NaN,NaN,NaN,NaN,NaN,0.0420620741769208,NaN,0.0559244071099298,0.107468422893948,NaN,0.00716700459158265,NaN,NaN,0.0182911941117432,0.0161202548553,NaN,NaN,NaN,NaN,NaN,NaN,NaN,NaN,NaN,NaN,NaN,NaN,NaN,NaN,NaN,NaN,NaN,NaN,NaN,NaN,NaN
57601,NaN,0.00699904138112591,NaN,NaN,NaN,NaN,NaN,NaN,NaN,0.013139003288732,NaN,NaN,NaN,NaN,0.0283168449251069,NaN,NaN,NaN,NaN,NaN,NaN,NaN,NaN,0.0171694475024743,0.0272987226435222,NaN,0.00729176462910382,NaN,NaN,0.00253261106282924,0.00231694202655567,NaN,NaN,NaN,NaN,NaN,NaN,NaN,NaN,NaN,NaN,NaN,NaN,NaN,NaN,NaN,NaN,NaN,NaN,NaN,NaN,NaN
57901,NaN,0.0134820415476202,NaN,NaN,NaN,NaN,NaN,NaN,NaN,0.00637673623022626,NaN,NaN,NaN,NaN,0.0173614838552408,NaN,NaN,NaN,NaN,NaN,NaN,NaN,NaN,0.0266505151589272,0.0223791660387802,NaN,0.0312210379609681,NaN,NaN,0.0287915379474647,0.00312061105200256,NaN,NaN,NaN,NaN,NaN,NaN,NaN,NaN,NaN,NaN,NaN,NaN,NaN,NaN,NaN,NaN,NaN,NaN,NaN,NaN,NaN
58201,NaN,0.0202764431242226,NaN,NaN,NaN,NaN,NaN,NaN,NaN,0.00675510253670688,NaN,NaN,NaN,NaN,0.0150193906624146,NaN,NaN,NaN,NaN,NaN,NaN,NaN,NaN,0.0155075103025619,0.0125467147719878,NaN,0.00951647898353441,NaN,NaN,0.00731699198414482,0.0320829614734194,NaN,NaN,NaN,NaN,NaN,NaN,NaN,NaN,NaN,NaN,NaN,NaN,NaN,NaN,NaN,NaN,NaN,NaN,NaN,NaN,NaN
58501,NaN,0.0229104829225251,NaN,NaN,NaN,NaN,NaN,NaN,NaN,0.00829900256768893,NaN,NaN,NaN,NaN,0.016138387512958,NaN,NaN,NaN,NaN,NaN,NaN,NaN,NaN,NaN,0.0130820162885533,NaN,0.017044808374144,NaN,NaN,0.050827503269764,0.0229237100528907,NaN,NaN,NaN,NaN,NaN,NaN,NaN,NaN,NaN,NaN,NaN,NaN,NaN,NaN,NaN,NaN,NaN,NaN,NaN,NaN,NaN
58801,NaN,0.0111227114650654,NaN,NaN,NaN,NaN,NaN,NaN,NaN,0.00619575521287332,NaN,NaN,NaN,NaN,0.0316600301681199,NaN,NaN,NaN,NaN,NaN,NaN,NaN,NaN,0.0711692105854306,0.0164834222680889,NaN,0.0164970652395969,NaN,NaN,0.00606000487557975,0.0159226438342405,NaN,NaN,NaN,NaN,NaN,NaN,NaN,NaN,NaN,NaN,NaN,NaN,NaN,NaN,NaN,NaN,NaN,NaN,NaN,NaN,NaN
59101,NaN,NaN,NaN,NaN,NaN,NaN,NaN,NaN,NaN,0.00649540064195451,NaN,NaN,NaN,NaN,0.0358917959741511,NaN,NaN,NaN,NaN,NaN,NaN,NaN,NaN,0.0438808739890379,0.00486046048955839,NaN,0.0152726744554059,NaN,NaN,0.0248140160000564,0.00987179932381398,NaN,NaN,NaN,NaN,NaN,NaN,NaN,NaN,NaN,NaN,NaN,NaN,NaN,NaN,NaN,NaN,NaN,NaN,NaN,NaN,NaN
59401,NaN,NaN,NaN,NaN,NaN,NaN,NaN,NaN,NaN,0.0339031725161426,NaN,NaN,NaN,NaN,0.122306356187249,NaN,NaN,NaN,NaN,NaN,NaN,NaN,NaN,NaN,0.0196213482450586,NaN,0.0100252785257739,NaN,NaN,0.0142512119202575,0.0061693783221985,NaN,NaN,NaN,NaN,NaN,NaN,NaN,NaN,NaN,NaN,NaN,NaN,NaN,NaN,NaN,NaN,NaN,NaN,NaN,NaN,NaN
59701,NaN,NaN,NaN,NaN,NaN,NaN,NaN,NaN,NaN,0.0514773190364516,NaN,NaN,NaN,NaN,0.161139927825486,NaN,NaN,NaN,NaN,NaN,NaN,NaN,NaN,NaN,0.00438131143599016,NaN,0.00913640721498186,NaN,NaN,0.00920275306697127,0.00279881257054313,NaN,NaN,NaN,NaN,NaN,NaN,NaN,NaN,NaN,NaN,NaN,NaN,NaN,NaN,NaN,NaN,NaN,NaN,NaN,NaN,NaN
60001,NaN,NaN,0.0138941314727147,NaN,NaN,NaN,NaN,NaN,NaN,0.0227019229390184,NaN,NaN,NaN,NaN,0.0593413455016241,NaN,NaN,NaN,NaN,NaN,NaN,NaN,NaN,NaN,0.00628412755420896,NaN,0.00828169831989601,NaN,NaN,0.0156887812368202,0.0205682486013193,NaN,NaN,NaN,NaN,NaN,NaN,NaN,NaN,NaN,NaN,NaN,NaN,NaN,NaN,NaN,NaN,NaN,NaN,NaN,NaN,NaN
60301,NaN,NaN,0.0248598709829588,NaN,NaN,NaN,NaN,NaN,NaN,0.0103676601218237,NaN,NaN,NaN,NaN,0.0195502650589753,NaN,NaN,NaN,NaN,NaN,NaN,NaN,NaN,NaN,0.0830865032846144,NaN,0.0179665718806913,NaN,NaN,0.0142062143007541,0.00620797764530369,NaN,NaN,NaN,NaN,NaN,NaN,NaN,NaN,NaN,NaN,NaN,NaN,NaN,NaN,NaN,NaN,NaN,NaN,NaN,NaN,NaN
60601,NaN,NaN,0.0138772793445283,NaN,NaN,NaN,NaN,NaN,NaN,0.00599243292963103,NaN,NaN,NaN,NaN,0.00942105320527663,NaN,NaN,NaN,NaN,NaN,NaN,NaN,NaN,NaN,0.0312360620440335,NaN,0.0353962977914375,NaN,NaN,0.0198068541689682,0.0207217859215021,NaN,NaN,NaN,NaN,NaN,NaN,NaN,NaN,NaN,NaN,NaN,NaN,NaN,NaN,NaN,NaN,NaN,NaN,NaN,NaN,NaN
60901,NaN,NaN,0.0286079114040305,NaN,NaN,NaN,NaN,NaN,NaN,0.00204639212139466,NaN,NaN,NaN,NaN,0.0170681768597057,NaN,NaN,NaN,NaN,NaN,NaN,NaN,NaN,NaN,0.00651549545203226,NaN,0.0386477637474385,NaN,NaN,0.00410363521732919,0.00853050929402828,NaN,NaN,NaN,NaN,NaN,NaN,NaN,NaN,NaN,NaN,NaN,NaN,NaN,NaN,NaN,NaN,NaN,NaN,NaN,NaN,NaN
61201,NaN,NaN,0.0174335080124455,NaN,NaN,NaN,NaN,NaN,NaN,0.0105359553186303,NaN,NaN,NaN,NaN,0.0180468165245565,NaN,NaN,NaN,NaN,NaN,NaN,NaN,NaN,NaN,0.00486576735888047,NaN,0.012219730915661,NaN,NaN,0.00879497549764657,0.00674809113524172,NaN,NaN,NaN,NaN,NaN,NaN,NaN,NaN,NaN,NaN,NaN,NaN,NaN,NaN,NaN,NaN,NaN,NaN,NaN,NaN,NaN
61501,NaN,NaN,0.0289816785949359,NaN,NaN,NaN,NaN,NaN,NaN,0.014776316465865,NaN,NaN,NaN,NaN,0.0162056856727113,NaN,NaN,NaN,NaN,NaN,NaN,NaN,NaN,NaN,0.00841574704855039,NaN,0.0206411741415793,NaN,NaN,0.0087698705953881,0.00680859976622299,NaN,NaN,NaN,NaN,NaN,NaN,NaN,NaN,NaN,NaN,NaN,NaN,NaN,NaN,NaN,NaN,NaN,NaN,NaN,NaN,NaN
61801,NaN,NaN,0.0129333481408124,NaN,NaN,NaN,NaN,NaN,NaN,0.0278511261274905,NaN,NaN,NaN,NaN,0.00968190377070578,NaN,NaN,NaN,NaN,NaN,NaN,NaN,NaN,NaN,0.0108296008087504,NaN,0.0146631631239926,NaN,NaN,0.0156912512813023,0.00426928061103296,NaN,NaN,NaN,NaN,NaN,NaN,NaN,NaN,NaN,NaN,NaN,NaN,NaN,NaN,NaN,NaN,NaN,NaN,NaN,NaN,NaN
62101,NaN,NaN,0.00551637059709549,NaN,NaN,NaN,NaN,NaN,NaN,0.0241178543097741,NaN,NaN,NaN,NaN,0.00701818712976753,NaN,NaN,NaN,NaN,NaN,NaN,NaN,NaN,NaN,0.00282072454435346,NaN,0.0344605356795735,NaN,NaN,0.00841502435879497,0.0120205318667643,NaN,NaN,NaN,NaN,NaN,NaN,NaN,NaN,NaN,NaN,NaN,NaN,NaN,NaN,NaN,NaN,NaN,NaN,NaN,NaN,NaN
62401,NaN,NaN,0.0131351368685793,NaN,NaN,NaN,NaN,NaN,NaN,0.0215322619680604,NaN,NaN,NaN,NaN,0.0140774683503443,NaN,NaN,NaN,NaN,NaN,NaN,NaN,NaN,NaN,0.0115164081608997,NaN,0.0254004576626572,NaN,NaN,0.00549209893335795,0.0115289171983418,NaN,NaN,NaN,NaN,NaN,NaN,NaN,NaN,NaN,NaN,NaN,NaN,NaN,NaN,NaN,NaN,NaN,NaN,NaN,NaN,NaN
62701,NaN,NaN,0.033268149396957,NaN,NaN,NaN,NaN,NaN,NaN,NaN,NaN,NaN,NaN,NaN,0.00989386761146226,NaN,NaN,NaN,NaN,NaN,NaN,NaN,NaN,NaN,0.00145535898591112,NaN,0.0234359976903838,NaN,NaN,0.0107419770235055,0.00723827842456676,NaN,NaN,NaN,NaN,NaN,NaN,NaN,NaN,NaN,NaN,NaN,NaN,NaN,NaN,NaN,NaN,NaN,NaN,NaN,NaN,NaN
63001,NaN,NaN,0.0267679872128823,NaN,NaN,NaN,NaN,NaN,NaN,NaN,NaN,NaN,NaN,NaN,0.00678695503869028,NaN,NaN,NaN,NaN,NaN,NaN,NaN,NaN,NaN,0.0186292561380621,0.146939146331179,0.0317390220528812,NaN,NaN,0.00533723952301993,0.0142027474003522,NaN,NaN,NaN,NaN,NaN,NaN,NaN,NaN,NaN,NaN,NaN,NaN,NaN,NaN,NaN,NaN,NaN,NaN,NaN,NaN,NaN
63301,NaN,NaN,0.0204307128188552,NaN,NaN,NaN,NaN,NaN,NaN,NaN,NaN,NaN,NaN,NaN,0.0140434841171163,NaN,NaN,NaN,NaN,NaN,NaN,NaN,NaN,NaN,0.0136255241489636,0.080102384404904,0.0309635448649034,NaN,NaN,0.00840261200730508,0.0266246808377345,NaN,NaN,NaN,NaN,NaN,NaN,NaN,NaN,NaN,NaN,NaN,NaN,NaN,NaN,NaN,NaN,NaN,NaN,NaN,NaN,NaN
63601,NaN,NaN,0.0160110131229236,NaN,NaN,NaN,NaN,NaN,NaN,NaN,NaN,NaN,NaN,NaN,0.0110494828707339,NaN,NaN,NaN,NaN,NaN,NaN,NaN,NaN,NaN,0.00915218958509821,0.105744080388507,0.0128041319229443,NaN,NaN,0.0191378108780446,0.0174419137335875,NaN,NaN,NaN,NaN,NaN,NaN,NaN,NaN,NaN,NaN,NaN,NaN,NaN,NaN,NaN,NaN,NaN,NaN,NaN,NaN,NaN
63901,NaN,NaN,0.0179193816061995,NaN,NaN,NaN,NaN,NaN,NaN,NaN,NaN,NaN,NaN,NaN,0.00945447877680697,NaN,NaN,NaN,NaN,NaN,NaN,NaN,NaN,NaN,0.00442812869560591,0.0169099712455575,0.0220875729488783,NaN,NaN,0.0102991371830034,0.0116633925931465,NaN,NaN,NaN,NaN,NaN,NaN,NaN,NaN,NaN,NaN,NaN,NaN,NaN,NaN,NaN,NaN,NaN,NaN,NaN,NaN,NaN
64201,NaN,NaN,0.0300323843022605,NaN,NaN,NaN,NaN,NaN,NaN,NaN,NaN,NaN,NaN,NaN,0.0101973833576466,NaN,NaN,NaN,NaN,NaN,NaN,NaN,NaN,NaN,0.00933804746110453,0.028231859081965,0.00672635567512579,NaN,NaN,0.0032213723697895,0.0119645388294335,NaN,NaN,NaN,NaN,NaN,NaN,NaN,NaN,NaN,NaN,NaN,NaN,NaN,NaN,NaN,NaN,NaN,NaN,NaN,NaN,NaN
64501,NaN,NaN,0.00457677410382588,NaN,NaN,NaN,NaN,NaN,NaN,NaN,NaN,NaN,NaN,NaN,0.0111294183325799,NaN,NaN,NaN,NaN,NaN,NaN,NaN,NaN,NaN,0.0098284058409482,0.0154637630188362,0.0339661915150268,NaN,NaN,0.0144666170268462,0.0247422554624854,NaN,NaN,NaN,NaN,NaN,NaN,NaN,NaN,NaN,NaN,NaN,NaN,NaN,NaN,NaN,NaN,NaN,NaN,NaN,NaN,NaN
64801,NaN,NaN,0.0118999902458291,NaN,NaN,NaN,NaN,NaN,NaN,NaN,NaN,NaN,NaN,NaN,0.0126096943666803,NaN,NaN,NaN,NaN,NaN,NaN,NaN,NaN,NaN,0.00711763447906814,0.0115028185467447,0.0327480834986252,NaN,NaN,0.00490823327895846,0.01092367594246,NaN,NaN,NaN,NaN,NaN,NaN,NaN,NaN,NaN,NaN,NaN,NaN,NaN,NaN,NaN,NaN,NaN,NaN,NaN,NaN,NaN
65101,NaN,NaN,0.0174756965038747,0.0260643114369341,NaN,NaN,NaN,NaN,NaN,NaN,NaN,NaN,NaN,NaN,0.00763253083756989,NaN,NaN,NaN,NaN,NaN,NaN,NaN,NaN,NaN,0.0102980757924377,0.0175345959330031,0.00854341670999119,NaN,NaN,0.00963021703298152,0.0070952013938519,NaN,NaN,NaN,NaN,NaN,NaN,NaN,NaN,NaN,NaN,NaN,NaN,NaN,NaN,NaN,NaN,NaN,NaN,NaN,NaN,NaN
65401,NaN,NaN,0.0127972310397948,0.073593989598749,NaN,NaN,NaN,NaN,NaN,NaN,NaN,NaN,NaN,NaN,0.00487000850316168,NaN,NaN,NaN,NaN,NaN,NaN,NaN,NaN,NaN,0.00629089573018386,0.0132185572581891,0.0313825968382424,NaN,NaN,0.0553831874810636,0.0230175294063647,NaN,NaN,NaN,NaN,NaN,NaN,NaN,NaN,NaN,NaN,NaN,NaN,NaN,NaN,NaN,NaN,NaN,NaN,NaN,NaN,NaN
65701,NaN,NaN,0.0136880933923206,0.0365398625531923,NaN,NaN,NaN,NaN,NaN,NaN,NaN,NaN,NaN,NaN,0.0164059236848288,NaN,NaN,NaN,NaN,NaN,NaN,NaN,NaN,NaN,0.0142837908714014,0.0142868719536237,0.0271288802251232,NaN,NaN,0.0353924632399875,0.00776763416468116,NaN,NaN,NaN,NaN,NaN,NaN,NaN,NaN,NaN,NaN,NaN,NaN,NaN,NaN,NaN,NaN,NaN,NaN,NaN,NaN,NaN
66001,NaN,NaN,0.00613783402189748,0.0114094702258005,NaN,NaN,NaN,NaN,NaN,NaN,NaN,NaN,NaN,NaN,0.0132173476707096,NaN,NaN,NaN,NaN,NaN,NaN,NaN,NaN,NaN,0.00397407080021413,0.0393354934850152,0.042826536359085,NaN,NaN,0.0411082608426571,0.0187103608161088,NaN,NaN,NaN,NaN,NaN,NaN,NaN,NaN,NaN,NaN,NaN,NaN,NaN,NaN,NaN,NaN,NaN,NaN,NaN,NaN,NaN
66301,NaN,NaN,0.0166583186234904,0.0119093663946254,NaN,NaN,NaN,0.0183714949939952,NaN,NaN,NaN,NaN,NaN,NaN,0.00659672233793021,NaN,NaN,NaN,NaN,NaN,NaN,NaN,NaN,NaN,0.0132513468891043,0.00554513838123906,0.0301546672605277,NaN,NaN,0.0118246130156825,0.0156236739929921,NaN,NaN,NaN,NaN,NaN,NaN,NaN,NaN,NaN,NaN,NaN,NaN,NaN,NaN,NaN,NaN,NaN,NaN,NaN,NaN,NaN
66601,NaN,NaN,0.0111512292626249,0.0280360996024664,NaN,NaN,NaN,0.0237321987451079,NaN,NaN,NaN,NaN,NaN,NaN,0.0118052713547634,NaN,NaN,NaN,NaN,NaN,NaN,NaN,NaN,NaN,0.0381384388164586,0.0167961180032652,0.0207906475397365,NaN,NaN,0.0577436218992394,0.0254004616343294,NaN,NaN,NaN,NaN,NaN,NaN,NaN,NaN,NaN,NaN,NaN,NaN,NaN,NaN,NaN,NaN,NaN,NaN,NaN,NaN,NaN
66901,NaN,NaN,0.00824431154633494,0.0230565353314004,NaN,NaN,NaN,0.0109076378593816,NaN,NaN,NaN,NaN,NaN,NaN,0.0149102265503627,NaN,NaN,NaN,NaN,NaN,NaN,NaN,NaN,NaN,0.006049128857493,0.0149722363020133,0.0222596335516646,NaN,NaN,0.0124621952489971,0.024941772201768,NaN,NaN,NaN,NaN,NaN,NaN,NaN,NaN,NaN,NaN,NaN,NaN,NaN,NaN,NaN,NaN,NaN,NaN,NaN,NaN,NaN
67201,NaN,NaN,0.0282244045651972,0.0323605985449939,NaN,NaN,NaN,0.014444532447038,NaN,NaN,NaN,NaN,NaN,NaN,0.0163123276379399,NaN,NaN,NaN,NaN,NaN,NaN,NaN,NaN,NaN,0.00991676647192804,0.00775839739532521,0.0208627780462277,NaN,NaN,0.0166572813519649,0.0226704815035102,NaN,NaN,NaN,NaN,NaN,NaN,NaN,NaN,NaN,NaN,NaN,NaN,NaN,NaN,NaN,NaN,NaN,NaN,NaN,NaN,NaN
67501,NaN,NaN,0.0135766459106803,0.0130688904858178,NaN,NaN,NaN,0.00840733104352271,NaN,NaN,NaN,NaN,NaN,NaN,0.0089651612023315,NaN,NaN,NaN,NaN,NaN,NaN,NaN,NaN,NaN,0.0118463055501543,0.0100319263189737,0.0186999706108534,NaN,NaN,0.00945014533183077,0.0223244337570594,NaN,NaN,NaN,NaN,NaN,NaN,NaN,NaN,NaN,NaN,NaN,NaN,NaN,NaN,NaN,NaN,NaN,NaN,NaN,NaN,NaN
67801,NaN,NaN,0.0202986190431941,0.0187193483745973,NaN,NaN,NaN,0.0157741093639069,NaN,NaN,NaN,NaN,NaN,NaN,0.0192414576628995,NaN,NaN,NaN,NaN,NaN,NaN,NaN,NaN,NaN,0.0126630409173818,0.00488279421479279,0.018678959273001,NaN,NaN,0.0339878384864916,0.0176055874965607,NaN,NaN,NaN,NaN,NaN,NaN,NaN,NaN,NaN,NaN,NaN,NaN,NaN,NaN,NaN,NaN,NaN,NaN,NaN,NaN,NaN
68101,NaN,NaN,0.0138360816783444,0.0150208801725785,NaN,NaN,NaN,0.0648823886161534,NaN,NaN,NaN,NaN,NaN,NaN,0.0166050836111701,NaN,NaN,NaN,NaN,NaN,NaN,NaN,NaN,NaN,0.0184077353621981,0.00711414389853557,0.0314473462388669,NaN,NaN,0.0243972803745088,NaN,NaN,NaN,NaN,NaN,NaN,NaN,NaN,NaN,NaN,NaN,NaN,NaN,NaN,NaN,NaN,NaN,NaN,NaN,NaN,NaN,NaN
68401,NaN,NaN,0.0117931646584522,0.0129144358631568,NaN,NaN,NaN,0.0679502392109229,NaN,NaN,NaN,NaN,NaN,NaN,0.0102481496854504,NaN,NaN,NaN,NaN,NaN,NaN,NaN,NaN,NaN,0.0279407168275779,0.0188897290286434,0.0296269991357142,NaN,NaN,0.0286320492487079,NaN,NaN,NaN,NaN,NaN,NaN,NaN,NaN,NaN,NaN,NaN,NaN,NaN,NaN,NaN,NaN,NaN,NaN,NaN,NaN,NaN,NaN
68701,NaN,NaN,0.00986025282093689,0.00715750696581187,NaN,NaN,NaN,0.00529835079275327,NaN,NaN,NaN,NaN,NaN,NaN,0.0324449645796028,NaN,NaN,NaN,NaN,NaN,NaN,NaN,NaN,NaN,0.010850115579147,0.0134379359064462,0.0242195912724542,NaN,NaN,0.0409180671399433,NaN,NaN,NaN,NaN,NaN,NaN,NaN,NaN,NaN,NaN,NaN,NaN,NaN,NaN,NaN,NaN,NaN,NaN,NaN,NaN,NaN,NaN
69001,NaN,NaN,0.0109448742967051,0.00335304744212205,NaN,NaN,NaN,0.00891044092095837,NaN,NaN,NaN,NaN,NaN,NaN,0.0431888663701501,NaN,NaN,NaN,NaN,NaN,NaN,NaN,NaN,NaN,0.0225043847479577,0.00260792624770498,NaN,NaN,NaN,0.0223920652383686,NaN,NaN,NaN,NaN,NaN,NaN,NaN,NaN,NaN,NaN,NaN,NaN,NaN,NaN,NaN,NaN,NaN,NaN,NaN,NaN,NaN,NaN
69301,NaN,NaN,0.0132474994040729,0.0151456623433753,NaN,NaN,NaN,0.0158069729664725,NaN,NaN,NaN,NaN,NaN,NaN,NaN,NaN,NaN,NaN,NaN,NaN,NaN,NaN,NaN,NaN,0.0217983653835524,0.00899102695828112,NaN,NaN,NaN,0.012445898078289,NaN,NaN,NaN,NaN,NaN,NaN,NaN,NaN,NaN,NaN,NaN,NaN,NaN,NaN,NaN,NaN,NaN,NaN,NaN,NaN,NaN,NaN
69601,NaN,NaN,0.00893619967013427,0.0212671920889709,NaN,NaN,NaN,0.0172584969493615,NaN,NaN,NaN,NaN,NaN,NaN,0.0133671945362754,NaN,NaN,NaN,NaN,NaN,NaN,NaN,NaN,NaN,0.0181607011698391,0.00661134223139085,NaN,NaN,NaN,0.0133292547234417,NaN,NaN,NaN,NaN,NaN,NaN,NaN,NaN,NaN,NaN,NaN,NaN,NaN,NaN,NaN,NaN,NaN,NaN,NaN,NaN,NaN,NaN
69901,NaN,NaN,0.0195734024599959,0.0273332698671828,NaN,NaN,NaN,0.0126433747110778,0.026659761381123,NaN,NaN,NaN,NaN,NaN,0.0371481084999153,NaN,NaN,NaN,NaN,NaN,NaN,NaN,NaN,NaN,0.0556741020817957,0.0732610293862234,NaN,NaN,NaN,0.0522260284348028,NaN,NaN,NaN,NaN,NaN,NaN,NaN,NaN,NaN,NaN,NaN,NaN,NaN,NaN,NaN,NaN,NaN,NaN,NaN,NaN,NaN,NaN
70201,NaN,NaN,0.0211169559782384,0.00745655201689349,NaN,NaN,NaN,0.0122392707872131,0.009071360260065,NaN,NaN,NaN,NaN,NaN,0.0203785573245182,NaN,NaN,NaN,NaN,NaN,NaN,NaN,NaN,NaN,0.0122306610371227,0.0161895583459126,NaN,NaN,NaN,0.0316647045773486,NaN,NaN,NaN,NaN,NaN,NaN,NaN,NaN,NaN,NaN,NaN,NaN,NaN,NaN,NaN,NaN,NaN,NaN,NaN,NaN,NaN,NaN
70501,NaN,NaN,0.016692118478915,0.00898436361065979,NaN,NaN,NaN,0.00552008942592229,0.0290075638016103,NaN,NaN,NaN,NaN,NaN,0.0120687612678086,NaN,NaN,NaN,NaN,NaN,NaN,NaN,NaN,NaN,0.00629024751135616,0.0119720166334703,NaN,NaN,NaN,0.0376783440009428,NaN,NaN,NaN,NaN,NaN,NaN,NaN,NaN,NaN,NaN,NaN,NaN,NaN,NaN,NaN,NaN,NaN,NaN,NaN,NaN,NaN,NaN
70801,NaN,NaN,0.0218823503530908,0.00887180428028907,NaN,NaN,NaN,0.0162670608961831,0.0187327759709457,NaN,NaN,NaN,NaN,NaN,0.0050747904703033,NaN,NaN,NaN,NaN,NaN,NaN,NaN,NaN,NaN,0.0308582178580754,0.0160899898299216,NaN,NaN,NaN,0.0202807912220415,NaN,NaN,NaN,NaN,NaN,NaN,NaN,NaN,NaN,NaN,NaN,NaN,NaN,NaN,NaN,NaN,NaN,NaN,NaN,NaN,NaN,NaN
71101,NaN,NaN,0.0149113424011609,0.00472148714050192,NaN,NaN,NaN,0.0114607238581269,0.0198597563865973,NaN,NaN,NaN,NaN,NaN,0.00855666648387783,NaN,NaN,NaN,NaN,NaN,NaN,NaN,NaN,NaN,0.0265274653174561,0.00798617075708059,NaN,NaN,NaN,0.024534976749579,NaN,NaN,NaN,NaN,NaN,NaN,NaN,NaN,NaN,NaN,NaN,NaN,NaN,NaN,NaN,NaN,NaN,NaN,NaN,NaN,NaN,NaN
71401,NaN,NaN,0.0169978286844088,0.00565569677517439,NaN,NaN,NaN,0.00550516544919917,0.0212815381524868,NaN,NaN,NaN,NaN,NaN,0.00893598293547693,NaN,NaN,NaN,NaN,NaN,NaN,NaN,NaN,NaN,0.0393791835624282,0.00821763350555028,NaN,NaN,NaN,0.0186311937618265,NaN,NaN,NaN,NaN,NaN,NaN,NaN,NaN,NaN,NaN,NaN,NaN,NaN,NaN,NaN,NaN,NaN,NaN,NaN,NaN,NaN,NaN
71701,NaN,NaN,0.0699924307087257,0.0257040752681508,NaN,NaN,NaN,0.039078330165416,0.0264779006794391,NaN,NaN,NaN,NaN,NaN,0.0502388145404734,NaN,NaN,NaN,NaN,NaN,NaN,NaN,NaN,NaN,0.0557607992727923,0.00737230905502331,NaN,NaN,NaN,0.0257668024325642,NaN,NaN,NaN,NaN,NaN,NaN,NaN,NaN,NaN,NaN,NaN,NaN,NaN,NaN,NaN,NaN,NaN,NaN,NaN,NaN,NaN,NaN
72001,NaN,NaN,0.0152495639447682,0.0169237872714232,NaN,NaN,NaN,0.00644934582456702,0.0057066240901565,NaN,NaN,NaN,NaN,NaN,0.0153109771050385,NaN,NaN,NaN,NaN,NaN,NaN,NaN,NaN,NaN,0.0544263402671707,0.00579765948309534,NaN,NaN,NaN,0.0227509664529835,NaN,NaN,NaN,NaN,NaN,NaN,NaN,NaN,NaN,NaN,NaN,NaN,NaN,NaN,NaN,NaN,NaN,NaN,NaN,NaN,NaN,NaN
72301,NaN,NaN,0.0181818703338891,0.00675973603541972,NaN,NaN,NaN,0.00822488482381752,0.0169521049449206,NaN,NaN,NaN,NaN,NaN,0.00758013620364902,NaN,NaN,NaN,NaN,NaN,NaN,NaN,NaN,NaN,0.0768066369618361,0.0103759062658378,NaN,NaN,NaN,0.0248664021344674,NaN,NaN,NaN,NaN,NaN,NaN,NaN,NaN,NaN,NaN,NaN,NaN,NaN,NaN,NaN,NaN,NaN,NaN,NaN,NaN,NaN,NaN
72601,NaN,NaN,0.00625549030943657,0.00371503665769251,NaN,NaN,NaN,0.0410744696154721,0.0216537036650433,NaN,NaN,NaN,NaN,NaN,0.0291435236698885,NaN,NaN,NaN,NaN,NaN,NaN,NaN,NaN,NaN,NaN,0.00853879897995222,NaN,NaN,NaN,0.0270768167169829,NaN,NaN,NaN,NaN,NaN,NaN,NaN,NaN,NaN,NaN,NaN,NaN,NaN,NaN,NaN,NaN,NaN,NaN,NaN,NaN,NaN,NaN
72901,NaN,NaN,0.0215872454125005,0.00899510663446715,NaN,NaN,NaN,0.00643451758103608,0.0145533072110675,NaN,NaN,NaN,NaN,NaN,0.0105604384383501,NaN,NaN,NaN,NaN,NaN,NaN,NaN,NaN,NaN,NaN,0.0106595040339504,NaN,NaN,NaN,0.0155089928151243,NaN,NaN,NaN,NaN,NaN,NaN,NaN,NaN,NaN,NaN,NaN,NaN,NaN,NaN,NaN,NaN,NaN,NaN,NaN,NaN,NaN,NaN
73201,NaN,NaN,0.0161888118983865,0.000398358082786553,NaN,NaN,NaN,0.00458091338194058,0.00575169276164942,NaN,NaN,NaN,NaN,NaN,0.00933368614814621,NaN,NaN,NaN,NaN,NaN,NaN,NaN,NaN,NaN,NaN,0.0111803039411864,NaN,NaN,NaN,0.0235689834925552,NaN,NaN,NaN,NaN,NaN,NaN,NaN,NaN,NaN,NaN,NaN,NaN,NaN,NaN,NaN,NaN,NaN,NaN,NaN,NaN,NaN,NaN
73501,NaN,NaN,0.0149583511486478,0.00873043445007085,NaN,NaN,NaN,0.0257563251502448,0.00788716729507954,NaN,NaN,NaN,NaN,NaN,0.0370095268349567,NaN,NaN,NaN,NaN,NaN,NaN,NaN,NaN,NaN,NaN,0.00460226412359685,NaN,NaN,NaN,0.0139259513029638,NaN,NaN,NaN,NaN,NaN,NaN,NaN,NaN,NaN,NaN,NaN,NaN,NaN,NaN,NaN,NaN,NaN,NaN,NaN,NaN,NaN,NaN
73801,NaN,0.0111728130045207,0.0121173202516137,0.0145018639844063,NaN,NaN,NaN,0.0116729112013276,0.00730855868121917,NaN,NaN,NaN,NaN,NaN,0.028939540090821,NaN,NaN,NaN,NaN,NaN,NaN,NaN,NaN,NaN,NaN,0.00739170365936575,NaN,NaN,NaN,0.0141384171766646,NaN,NaN,NaN,NaN,NaN,NaN,NaN,NaN,NaN,NaN,NaN,NaN,NaN,NaN,NaN,NaN,NaN,NaN,NaN,NaN,NaN,NaN
74101,NaN,0.0349934632933099,0.0259555926156431,0.00887735734927734,NaN,NaN,0.0254258680236634,0.00974669018142624,0.00890914572816021,NaN,NaN,NaN,NaN,NaN,0.023527515131212,NaN,NaN,NaN,NaN,NaN,NaN,NaN,NaN,NaN,NaN,0.00680001804488404,NaN,NaN,NaN,0.0106018435777212,NaN,NaN,NaN,NaN,NaN,NaN,NaN,NaN,NaN,NaN,NaN,NaN,NaN,NaN,NaN,NaN,NaN,NaN,NaN,NaN,NaN,NaN
74401,NaN,0.0231376945334246,NaN,0.0113875130150982,NaN,NaN,0.0369516786915577,0.0134592829735682,0.0100231626924376,NaN,NaN,NaN,NaN,NaN,0.0174488580676621,NaN,NaN,NaN,NaN,NaN,NaN,NaN,NaN,NaN,NaN,0.00713609344713059,NaN,NaN,NaN,0.0178308008429335,NaN,NaN,NaN,NaN,NaN,NaN,NaN,NaN,NaN,NaN,NaN,NaN,NaN,NaN,NaN,NaN,NaN,NaN,NaN,NaN,NaN,NaN
74701,NaN,0.0142066405049462,NaN,0.00537134164432906,NaN,NaN,0.0546803913751334,0.00577709130999373,0.0106078985289752,NaN,NaN,NaN,NaN,NaN,0.0167580775997175,NaN,NaN,NaN,NaN,NaN,NaN,NaN,NaN,NaN,NaN,0.00453398935744107,NaN,NaN,NaN,0.0205220949582081,NaN,NaN,NaN,NaN,NaN,NaN,NaN,NaN,NaN,NaN,NaN,NaN,NaN,NaN,NaN,NaN,NaN,NaN,NaN,NaN,NaN,NaN
75001,NaN,0.00818941060941963,NaN,0.0135274634076195,NaN,NaN,0.027771276767018,0.00926213495988726,0.00349523059712317,NaN,NaN,NaN,NaN,NaN,0.0213915061637724,NaN,NaN,NaN,NaN,NaN,NaN,NaN,NaN,NaN,NaN,0.00501896669773726,NaN,NaN,NaN,0.0267624299063294,NaN,NaN,NaN,NaN,NaN,NaN,NaN,NaN,NaN,NaN,NaN,NaN,NaN,NaN,NaN,NaN,NaN,NaN,NaN,NaN,NaN,NaN
75301,NaN,0.0364243683835814,NaN,0.00813090227683503,NaN,NaN,0.0189661501381667,0.0040120334761194,0.0136732121975527,NaN,NaN,NaN,NaN,NaN,0.0151962123110105,NaN,NaN,NaN,NaN,NaN,NaN,NaN,NaN,NaN,NaN,0.00406202457040498,NaN,NaN,NaN,0.014451076822096,NaN,NaN,NaN,NaN,NaN,NaN,NaN,NaN,NaN,NaN,NaN,NaN,NaN,NaN,NaN,NaN,NaN,NaN,NaN,NaN,NaN,NaN
75601,NaN,0.0223908199416567,NaN,0.0169420096930223,NaN,NaN,0.0437591554006656,0.00104688922265496,0.0066086099989741,NaN,NaN,NaN,NaN,NaN,0.0120269052046963,NaN,NaN,NaN,NaN,NaN,NaN,NaN,NaN,NaN,NaN,0.0079757927803757,NaN,NaN,NaN,NaN,NaN,NaN,NaN,NaN,NaN,NaN,NaN,NaN,NaN,NaN,NaN,NaN,NaN,NaN,NaN,NaN,NaN,NaN,NaN,NaN,NaN,NaN
75901,NaN,0.0183082803360216,NaN,0.0104073542836887,NaN,NaN,0.017638220681008,0.014490657007842,0.0135396583825716,NaN,NaN,NaN,NaN,NaN,0.0214545394230274,NaN,NaN,NaN,NaN,NaN,NaN,NaN,NaN,NaN,NaN,0.00420570129196094,NaN,NaN,NaN,NaN,NaN,NaN,NaN,NaN,NaN,NaN,NaN,NaN,NaN,NaN,NaN,NaN,NaN,NaN,NaN,NaN,NaN,NaN,NaN,NaN,NaN,NaN
76201,NaN,0.0043068784009495,NaN,0.00748408093707333,NaN,NaN,0.0130269891692193,0.00718047872057787,0.0165031877072435,NaN,NaN,NaN,NaN,NaN,0.0417074658371628,NaN,NaN,NaN,NaN,NaN,NaN,NaN,NaN,NaN,NaN,0.00897721750127755,NaN,NaN,NaN,NaN,NaN,NaN,NaN,NaN,NaN,NaN,NaN,NaN,NaN,NaN,NaN,NaN,NaN,NaN,NaN,NaN,NaN,NaN,NaN,NaN,NaN,NaN
76501,NaN,0.0356915108658925,NaN,0.0165176546629014,NaN,NaN,0.00974920533175545,0.00618803859086293,0.0142462067442654,NaN,NaN,NaN,NaN,NaN,0.0402307316666799,NaN,NaN,NaN,NaN,NaN,NaN,NaN,NaN,NaN,NaN,0.00992852764316466,NaN,NaN,NaN,NaN,NaN,NaN,NaN,NaN,NaN,NaN,NaN,NaN,NaN,NaN,NaN,NaN,NaN,NaN,NaN,NaN,NaN,NaN,NaN,NaN,NaN,NaN
76801,NaN,0.0144353342922595,NaN,0.00344759308030378,NaN,NaN,0.0215128863260251,0.00962127971967103,0.0138746002911639,NaN,NaN,NaN,NaN,NaN,0.0437086126947794,NaN,NaN,NaN,NaN,NaN,NaN,NaN,NaN,NaN,NaN,0.0152744294380566,NaN,NaN,NaN,NaN,NaN,NaN,NaN,NaN,NaN,NaN,NaN,NaN,NaN,NaN,NaN,NaN,NaN,NaN,NaN,NaN,NaN,NaN,NaN,NaN,NaN,NaN
77101,0.033766516747453,0.0165420892250602,NaN,0.0179159826479175,NaN,NaN,0.0188683206075291,0.00893939692809184,0.00966508732879434,NaN,NaN,NaN,NaN,NaN,NaN,NaN,NaN,NaN,NaN,NaN,NaN,NaN,NaN,NaN,NaN,0.00651349957152967,NaN,NaN,NaN,NaN,NaN,NaN,NaN,NaN,NaN,NaN,NaN,NaN,NaN,NaN,NaN,NaN,NaN,NaN,NaN,NaN,NaN,NaN,NaN,NaN,NaN,NaN
77401,0.019666457279745,0.00841211362534272,NaN,0.0117763646080722,NaN,NaN,0.0167941406119776,0.00638746550830585,0.0230423748234121,NaN,NaN,NaN,NaN,NaN,NaN,NaN,NaN,NaN,NaN,NaN,NaN,NaN,NaN,NaN,NaN,0.0089822922459359,NaN,NaN,NaN,NaN,NaN,NaN,NaN,NaN,NaN,NaN,NaN,NaN,NaN,NaN,NaN,NaN,NaN,NaN,NaN,NaN,NaN,NaN,NaN,NaN,NaN,NaN
77701,0.0237905931189322,0.0102702624604733,NaN,0.0184547818457958,NaN,NaN,0.0177543998663722,0.01215410698806,0.00590304527519803,NaN,NaN,NaN,NaN,NaN,NaN,NaN,NaN,NaN,NaN,NaN,NaN,NaN,NaN,NaN,NaN,0.0144716708168075,NaN,NaN,NaN,NaN,NaN,NaN,NaN,NaN,NaN,NaN,NaN,NaN,NaN,NaN,NaN,NaN,NaN,NaN,NaN,NaN,NaN,NaN,NaN,NaN,NaN,NaN
78001,0.0151729831949142,0.0142696674403267,NaN,0.0108917290970523,NaN,NaN,0.0418731276835056,0.0122382155311259,0.00830722818169011,NaN,NaN,NaN,NaN,NaN,NaN,NaN,NaN,NaN,NaN,NaN,NaN,NaN,NaN,NaN,NaN,0.0114328514085107,NaN,NaN,NaN,NaN,NaN,NaN,NaN,NaN,NaN,NaN,NaN,NaN,NaN,NaN,NaN,NaN,NaN,NaN,NaN,NaN,NaN,NaN,NaN,NaN,NaN,NaN
78301,0.0264204371107917,0.00778890537111731,NaN,0.00899848126046758,NaN,NaN,0.0373611046715561,0.00684441191234886,0.0118249879659968,NaN,NaN,NaN,NaN,NaN,NaN,NaN,NaN,NaN,NaN,NaN,NaN,NaN,NaN,NaN,NaN,0.0182512462667268,NaN,NaN,NaN,NaN,NaN,NaN,NaN,NaN,NaN,NaN,NaN,NaN,NaN,NaN,NaN,NaN,NaN,NaN,NaN,NaN,NaN,NaN,NaN,NaN,NaN,NaN
78601,0.00790357462629424,0.0118431974087658,NaN,0.0192019232216427,NaN,NaN,0.0481930235996295,0.012279606161919,0.00765638741714766,NaN,NaN,NaN,NaN,NaN,NaN,NaN,NaN,NaN,NaN,NaN,NaN,NaN,NaN,NaN,NaN,0.0131863722186173,NaN,NaN,NaN,NaN,NaN,NaN,NaN,NaN,NaN,NaN,NaN,NaN,NaN,NaN,NaN,NaN,NaN,NaN,NaN,NaN,NaN,NaN,NaN,NaN,NaN,NaN
78901,0.0172995737747613,0.00862629444264243,NaN,0.0155287058711107,NaN,NaN,0.0105655669359327,0.0149615946939498,0.0114785418719381,NaN,NaN,NaN,NaN,NaN,NaN,NaN,NaN,NaN,NaN,NaN,NaN,NaN,NaN,NaN,NaN,0.0145401640123501,NaN,NaN,NaN,NaN,NaN,NaN,NaN,NaN,NaN,NaN,NaN,NaN,NaN,NaN,NaN,NaN,NaN,NaN,NaN,NaN,NaN,NaN,NaN,NaN,NaN,NaN
79201,0.0119614480544509,0.0175759825334061,NaN,0.0219285437573931,NaN,NaN,0.00845969453162197,0.0105152529446753,0.014054644069821,NaN,NaN,NaN,NaN,NaN,NaN,NaN,NaN,NaN,NaN,NaN,NaN,NaN,NaN,NaN,NaN,0.00666395840801351,NaN,NaN,NaN,NaN,NaN,NaN,NaN,NaN,NaN,NaN,NaN,NaN,NaN,NaN,NaN,NaN,NaN,NaN,NaN,NaN,NaN,NaN,NaN,NaN,NaN,NaN
79501,0.0131678707018422,0.0101071660803996,NaN,0.00451068432871238,NaN,NaN,0.0176088531844075,0.00238174710476298,0.018063616596573,NaN,NaN,NaN,NaN,NaN,NaN,NaN,NaN,NaN,NaN,NaN,NaN,NaN,NaN,NaN,NaN,0.0278764245248513,NaN,NaN,NaN,NaN,NaN,NaN,NaN,NaN,NaN,NaN,NaN,NaN,NaN,NaN,NaN,NaN,NaN,NaN,NaN,NaN,NaN,NaN,NaN,NaN,NaN,NaN
79801,0.0276551961058503,0.00250434353113101,NaN,0.0157541204689398,NaN,NaN,0.00609448119740009,0.00907518050048925,0.00544406449615668,NaN,NaN,NaN,NaN,NaN,NaN,NaN,NaN,NaN,NaN,NaN,NaN,NaN,NaN,NaN,NaN,0.00487734766241833,NaN,NaN,NaN,NaN,NaN,NaN,NaN,NaN,NaN,NaN,NaN,NaN,NaN,NaN,NaN,NaN,NaN,NaN,NaN,NaN,NaN,NaN,NaN,NaN,NaN,NaN
80101,0.00615399144287198,0.00772813558844387,NaN,0.008927074805753,NaN,NaN,0.019334254683114,0.00683166928104741,0.00713288962024001,NaN,NaN,NaN,NaN,NaN,NaN,NaN,NaN,NaN,NaN,NaN,NaN,NaN,NaN,NaN,NaN,0.0503799708214683,NaN,NaN,0.0164229001553969,NaN,NaN,NaN,NaN,NaN,NaN,NaN,NaN,NaN,NaN,NaN,NaN,NaN,NaN,NaN,NaN,NaN,NaN,NaN,NaN,NaN,NaN,NaN
80401,0.00304040642770427,0.00761622044990368,NaN,0.0122348636092201,NaN,NaN,0.0227811110672845,0.0227542925103517,0.00744169161206437,NaN,NaN,NaN,NaN,NaN,NaN,0.0152830522268654,NaN,NaN,NaN,NaN,NaN,NaN,NaN,NaN,NaN,NaN,NaN,NaN,0.00975175230511343,NaN,NaN,NaN,NaN,NaN,NaN,NaN,NaN,NaN,NaN,NaN,NaN,NaN,NaN,NaN,NaN,NaN,NaN,NaN,NaN,NaN,NaN,NaN
80701,0.0334680587672846,0.0219999054090349,NaN,0.0199508551403655,NaN,NaN,0.0228805716796498,0.0527108639317794,0.0135864139722501,NaN,NaN,NaN,NaN,NaN,NaN,0.0162024727987897,NaN,NaN,NaN,NaN,NaN,NaN,NaN,NaN,NaN,NaN,NaN,NaN,0.0385379724246737,NaN,NaN,NaN,NaN,NaN,NaN,NaN,NaN,NaN,NaN,NaN,NaN,NaN,NaN,NaN,NaN,NaN,NaN,NaN,NaN,NaN,NaN,NaN
81001,0.00986615921542781,0.00710597849517483,NaN,0.01722123006668,NaN,NaN,0.0159853920438528,0.0131776361107538,0.00352127215770132,NaN,NaN,NaN,NaN,NaN,NaN,0.0237028308894169,NaN,NaN,NaN,NaN,NaN,NaN,NaN,NaN,NaN,NaN,NaN,NaN,0.0284886161076517,NaN,NaN,NaN,NaN,NaN,NaN,NaN,NaN,NaN,NaN,NaN,NaN,NaN,NaN,NaN,NaN,NaN,NaN,NaN,NaN,NaN,NaN,NaN
81301,0.0112621758054233,0.00377494349481749,NaN,0.0576858429163473,NaN,NaN,0.00958541324772347,0.0286790628107956,0.0145796624420556,NaN,NaN,NaN,0,NaN,NaN,0.0173365884101683,NaN,NaN,NaN,NaN,NaN,NaN,NaN,NaN,NaN,NaN,NaN,NaN,0.016048638161696,NaN,NaN,NaN,NaN,NaN,NaN,NaN,NaN,NaN,NaN,NaN,NaN,NaN,NaN,NaN,NaN,NaN,NaN,NaN,NaN,NaN,NaN,NaN
81601,0.0332100689179101,0.0122363740736427,NaN,0.0425417799412712,NaN,NaN,0.010934288928462,0.0139326848044367,0.0113978425466527,NaN,NaN,NaN,0.0191112193164922,NaN,NaN,0.0366935766122857,NaN,NaN,NaN,NaN,NaN,NaN,NaN,NaN,NaN,NaN,NaN,NaN,0.0247661662773297,NaN,NaN,NaN,NaN,NaN,NaN,NaN,NaN,NaN,NaN,NaN,NaN,NaN,NaN,NaN,NaN,NaN,NaN,NaN,NaN,NaN,NaN,NaN
81901,0.0148967488046643,0.0126585431162001,NaN,0.0206600481675191,NaN,NaN,0.0110708657904989,0.0146511366671722,0.0196826743365873,NaN,NaN,NaN,0.0416257551681046,NaN,NaN,0.0189810382613984,NaN,NaN,NaN,NaN,NaN,NaN,NaN,NaN,NaN,NaN,NaN,NaN,0.0155228971062642,NaN,NaN,NaN,NaN,NaN,NaN,NaN,NaN,NaN,NaN,NaN,NaN,NaN,NaN,NaN,NaN,NaN,NaN,NaN,NaN,NaN,NaN,NaN
82201,0.0088257217702389,0.0683611833794006,NaN,0.0175228242785049,NaN,NaN,0.0272914881338228,0.014573079402304,0.010875658758409,NaN,NaN,NaN,0.0219056623690166,NaN,NaN,0.0117753261431895,NaN,NaN,NaN,NaN,NaN,NaN,NaN,NaN,NaN,NaN,NaN,NaN,0.0137126364138864,NaN,NaN,NaN,NaN,NaN,NaN,NaN,NaN,NaN,NaN,NaN,NaN,NaN,NaN,NaN,NaN,NaN,NaN,NaN,NaN,NaN,NaN,NaN
82501,0.0111517595608759,0.0219857068901023,NaN,0.0117671668441803,NaN,NaN,0.00461440767203818,0.0177290880111423,0.0143890536980303,NaN,NaN,NaN,0.0529255027538125,NaN,NaN,0.0180563795908973,NaN,NaN,NaN,NaN,NaN,NaN,NaN,NaN,NaN,NaN,NaN,NaN,0.0256886484335613,NaN,NaN,NaN,NaN,NaN,NaN,NaN,NaN,NaN,NaN,NaN,NaN,NaN,NaN,NaN,NaN,NaN,NaN,NaN,NaN,NaN,NaN,NaN
82801,0.00775543744197045,0.073626441639028,NaN,0.00827921983221124,NaN,NaN,0.0283898063263235,0.00750309652477651,0.00956935309240602,NaN,NaN,NaN,0.0164752755878658,NaN,NaN,0.0159324353753809,NaN,NaN,NaN,NaN,NaN,NaN,NaN,NaN,NaN,NaN,NaN,NaN,0.0189451568500206,NaN,NaN,NaN,NaN,NaN,NaN,NaN,NaN,NaN,NaN,NaN,NaN,NaN,NaN,NaN,NaN,NaN,NaN,NaN,NaN,NaN,NaN,NaN
83101,0.0223900602497054,0.014731690131706,NaN,0.0113086274131193,NaN,NaN,0.0138998933037428,0.00407849695100405,0.00816840574691284,NaN,NaN,NaN,0.0336504172964591,NaN,NaN,0.0188047408352871,NaN,NaN,NaN,NaN,NaN,NaN,NaN,NaN,NaN,NaN,NaN,NaN,0.00713575871994397,NaN,NaN,NaN,NaN,NaN,NaN,NaN,NaN,NaN,NaN,NaN,NaN,NaN,NaN,NaN,NaN,NaN,NaN,NaN,NaN,NaN,NaN,NaN
83401,0.0140765959425271,0.0122510627954394,NaN,0.0211712137145353,NaN,NaN,0.0072049398869122,0.0226213847978527,0.0152272957645764,NaN,NaN,NaN,0.0180182728496556,NaN,NaN,0.015247965109195,NaN,NaN,NaN,NaN,NaN,NaN,NaN,NaN,NaN,NaN,NaN,NaN,0.0156818511900757,NaN,NaN,NaN,NaN,NaN,NaN,NaN,NaN,NaN,NaN,NaN,NaN,NaN,NaN,NaN,NaN,NaN,NaN,NaN,NaN,NaN,NaN,NaN
83701,0.00906559041416953,0.00721559546189335,NaN,NaN,NaN,NaN,0.0194701745474004,0.0170417221254987,0.0150311269985663,NaN,NaN,NaN,0.0208279014087173,NaN,NaN,0.00792522779840883,NaN,NaN,NaN,NaN,NaN,NaN,NaN,NaN,NaN,NaN,NaN,NaN,0.0196125375968775,NaN,NaN,NaN,NaN,NaN,NaN,NaN,NaN,NaN,NaN,NaN,NaN,NaN,NaN,NaN,NaN,NaN,NaN,NaN,NaN,NaN,NaN,NaN
84001,0.0155167148359542,0.00867883145124488,NaN,NaN,NaN,NaN,0.0113081747335692,0.00934463077494207,0.0129130367806618,NaN,NaN,NaN,0.0370618663875965,NaN,NaN,0.0241830549358968,NaN,NaN,NaN,NaN,NaN,NaN,NaN,NaN,NaN,NaN,NaN,NaN,0.0156585505170857,NaN,NaN,NaN,NaN,NaN,NaN,NaN,NaN,NaN,NaN,NaN,NaN,NaN,NaN,NaN,NaN,NaN,NaN,NaN,NaN,NaN,NaN,NaN
84301,0.00361689287587936,0.0100287512054831,NaN,NaN,NaN,NaN,0.0126474585301394,0.032367575054462,0.0154347504310015,NaN,NaN,NaN,0.0229625571229854,NaN,NaN,0.018418299762434,NaN,NaN,NaN,NaN,NaN,NaN,NaN,NaN,NaN,NaN,NaN,NaN,0.00899827953283402,NaN,NaN,NaN,NaN,NaN,NaN,NaN,NaN,NaN,NaN,NaN,NaN,NaN,NaN,NaN,NaN,NaN,NaN,NaN,NaN,NaN,NaN,NaN
84601,0.00669968197605963,0.0321596381314469,NaN,NaN,NaN,NaN,0.0549346662274823,NaN,0.0116560050807846,NaN,NaN,NaN,0.0305471450887187,NaN,NaN,0.0112420284266763,NaN,NaN,NaN,NaN,0.0771847228781018,NaN,NaN,NaN,NaN,NaN,NaN,NaN,0.00971996579337949,NaN,NaN,NaN,NaN,NaN,NaN,NaN,NaN,NaN,NaN,NaN,NaN,NaN,NaN,NaN,NaN,NaN,NaN,NaN,NaN,NaN,NaN,NaN
84901,0.013724738470916,0.0149098766201989,NaN,NaN,NaN,NaN,0.0056050397001488,0,0.0151344179359638,NaN,NaN,NaN,0.0188793172778092,NaN,NaN,0.0101707700677705,NaN,NaN,NaN,NaN,0.0172963930972764,NaN,NaN,NaN,NaN,NaN,NaN,NaN,0.0390932373310499,NaN,NaN,NaN,NaN,NaN,NaN,NaN,NaN,NaN,NaN,NaN,NaN,NaN,NaN,NaN,NaN,NaN,NaN,NaN,NaN,NaN,NaN,NaN
85201,0.0307965187332207,0.0180099316179544,NaN,NaN,NaN,NaN,0.0122561077798074,0.0358853034102181,0.0127106344696019,NaN,NaN,NaN,0.0401854445655919,NaN,NaN,0.00376921340701326,NaN,0.0212955683168798,NaN,NaN,0.0922928950392854,NaN,NaN,NaN,NaN,NaN,NaN,NaN,0.00795136201002869,NaN,NaN,NaN,NaN,NaN,NaN,NaN,NaN,NaN,NaN,NaN,NaN,NaN,NaN,NaN,NaN,NaN,NaN,NaN,NaN,NaN,NaN,NaN
85501,0.0163910030598173,0.0320692882296545,NaN,NaN,NaN,NaN,0.0105009427769603,NaN,0.0237017038119097,NaN,NaN,NaN,0.0185780445636817,NaN,NaN,0.0189565739857062,NaN,0.0335365003304491,NaN,NaN,0.0517291059407672,NaN,NaN,NaN,NaN,NaN,NaN,NaN,0.0183189868872548,NaN,NaN,NaN,NaN,NaN,NaN,NaN,NaN,NaN,NaN,NaN,NaN,NaN,NaN,NaN,NaN,NaN,NaN,NaN,NaN,NaN,NaN,NaN
85801,0.00598483792925942,0.0360210936025405,NaN,NaN,NaN,NaN,0.00710233470597435,NaN,0.0705090169018899,NaN,NaN,NaN,0.0227064683138777,NaN,NaN,0.0131190463524986,NaN,0.0557032189370897,NaN,NaN,0.0608452420455428,NaN,NaN,NaN,NaN,NaN,NaN,NaN,0.020807684137633,NaN,NaN,NaN,NaN,NaN,NaN,NaN,NaN,NaN,NaN,NaN,NaN,NaN,NaN,NaN,NaN,NaN,NaN,NaN,NaN,NaN,NaN,NaN
86101,0.0196006270850396,0.0330702671620887,NaN,NaN,NaN,NaN,0.0143993063856882,NaN,0.0111203807533175,NaN,NaN,NaN,0.0273085419444753,NaN,NaN,0.0361603154032315,NaN,0.0296939685291346,NaN,NaN,0.0424781554493979,NaN,NaN,NaN,NaN,NaN,NaN,NaN,0.00851494757706867,NaN,NaN,NaN,NaN,NaN,NaN,NaN,NaN,NaN,NaN,NaN,NaN,NaN,NaN,NaN,NaN,NaN,NaN,NaN,NaN,NaN,NaN,NaN
